{
  "config": {
    "num_timesteps": 30,
    "initial_pose": [
      0.0,
      0.0,
      0.7853981633974483
    ],
    "landmarks": [
      [
        5,
        5
      ],
      [
        10,
        10
      ],
      [
        5,
        15
      ],
      [
        15,
        5
      ],
      [
        15,
        15
      ],
      [
        10,
        20
      ]
    ],
    "seed": 0,
    "init_range": 5.0,
    "resample_method": "systematic",
    "rejuvenation_sigma": 0.0,
    "create_animation": false,
    "divergence_threshold": 10.0,
    "name": "exp_08_N300_meas0.50",
    "num_particles": 300,
    "robot_motion_noise_trans": 0.02,
    "robot_motion_noise_theta": 0.017453292519943295,
    "particle_motion_noise_trans": 0.02,
    "particle_motion_noise_theta": 0.017453292519943295,
    "meas_noise": 0.5
  },
  "stats": [
    {
      "timestep": 0,
      "true_x": 0.5441751880268939,
      "true_y": 0.8255521564556464,
      "true_theta": 0.988005096309464,
      "est_x": 1.5783663098184595,
      "est_y": 0.315835090127803,
      "est_theta": 1.0296654637500358,
      "rmse": 1.1529799495647615,
      "heading_error": 0.04166036744057178,
      "variance": 0.3690298899173582,
      "ess": 4.925925549485715,
      "max_weight_particle_idx": 0,
      "max_weight_particle_x": 0.2313903172307733,
      "max_weight_particle_y": 0.7834982502798442
    },
    {
      "timestep": 1,
      "true_x": 0.944254930136957,
      "true_y": 1.7385732753319822,
      "true_theta": 1.1578041113488,
      "est_x": 0.8263246139570765,
      "est_y": 1.7295161675282047,
      "est_theta": 1.45427728729645,
      "rmse": 0.11827760006043349,
      "heading_error": 0.29647317594765,
      "variance": 0.255517207723034,
      "ess": 29.042156648780388,
      "max_weight_particle_idx": 0,
      "max_weight_particle_x": 2.628656495729618,
      "max_weight_particle_y": 0.6967260270479498
    },
    {
      "timestep": 2,
      "true_x": 1.144907310803339,
      "true_y": 2.7023952089580296,
      "true_theta": 1.365543988518149,
      "est_x": 3.2186075847433906,
      "est_y": 1.4554197490074605,
      "est_theta": 0.8558205090421658,
      "rmse": 2.4197480496650843,
      "heading_error": -0.5097234794759833,
      "variance": 0.24884979931863999,
      "ess": 1.9161381325333393,
      "max_weight_particle_idx": 0,
      "max_weight_particle_x": 3.511793822504957,
      "max_weight_particle_y": 1.2110162959044453
    },
    {
      "timestep": 3,
      "true_x": 1.1793168836795145,
      "true_y": 3.676673168834217,
      "true_theta": 1.5354929760916558,
      "est_x": 0.7878035038306959,
      "est_y": 3.4007037194577707,
      "est_theta": 1.798125271100221,
      "rmse": 0.479000901449866,
      "heading_error": 0.2626322950085651,
      "variance": 0.22506046017714565,
      "ess": 6.360421076080102,
      "max_weight_particle_idx": 0,
      "max_weight_particle_x": 0.8673252690161795,
      "max_weight_particle_y": 3.1101714829023193
    },
    {
      "timestep": 4,
      "true_x": 1.0246132953430405,
      "true_y": 4.640610158802528,
      "true_theta": 1.7299306775875731,
      "est_x": 0.5880906194926834,
      "est_y": 4.115343732379028,
      "est_theta": 1.9620082406561252,
      "rmse": 0.6829764748944654,
      "heading_error": 0.2320775630685521,
      "variance": 0.06024986374022981,
      "ess": 137.55505628091566,
      "max_weight_particle_idx": 0,
      "max_weight_particle_x": 0.5454779739319999,
      "max_weight_particle_y": 4.016384875519923
    },
    {
      "timestep": 5,
      "true_x": 0.6886910182978543,
      "true_y": 5.6079017374654505,
      "true_theta": 1.9050470917145188,
      "est_x": 0.12706023930532695,
      "est_y": 4.926986344822078,
      "est_theta": 2.1185953555926273,
      "rmse": 0.8826521986889465,
      "heading_error": 0.21354826387810855,
      "variance": 0.006098896831839935,
      "ess": 169.65314414536246,
      "max_weight_particle_idx": 0,
      "max_weight_particle_x": 0.04016138798963875,
      "max_weight_particle_y": 4.880106295662181
    },
    {
      "timestep": 6,
      "true_x": 0.1930228734746559,
      "true_y": 6.488439045327063,
      "true_theta": 2.083501402698088,
      "est_x": -0.5114256122454741,
      "est_y": 5.689739837868772,
      "est_theta": 2.2828709434085606,
      "rmse": 1.0649732827765614,
      "heading_error": 0.19936954071047272,
      "variance": 0.0035787555046354644,
      "ess": 241.78468174288147,
      "max_weight_particle_idx": 0,
      "max_weight_particle_x": -0.5536140801115724,
      "max_weight_particle_y": 5.646353577060579
    },
    {
      "timestep": 7,
      "true_x": -0.45257494889719113,
      "true_y": 7.305794733105922,
      "true_theta": 2.239324635681244,
      "est_x": -1.2264234463443784,
      "est_y": 6.3673368128966645,
      "est_theta": 2.426294262980892,
      "rmse": 1.2163653912393082,
      "heading_error": 0.18696962729964817,
      "variance": 0.006207549144616352,
      "ess": 120.08538354861786,
      "max_weight_particle_idx": 0,
      "max_weight_particle_x": -1.3243441366586217,
      "max_weight_particle_y": 6.293686892579656
    },
    {
      "timestep": 8,
      "true_x": -1.1556234514145902,
      "true_y": 7.963109362237347,
      "true_theta": 2.389800704656545,
      "est_x": -1.9700354546033807,
      "est_y": 6.9932429891229955,
      "est_theta": 2.541618313946709,
      "rmse": 1.2664547732295715,
      "heading_error": 0.151817609290164,
      "variance": 0.003604182012078695,
      "ess": 49.458359434053165,
      "max_weight_particle_idx": 0,
      "max_weight_particle_x": -1.9759802031736604,
      "max_weight_particle_y": 6.939681106824343
    },
    {
      "timestep": 9,
      "true_x": -1.9577585508086068,
      "true_y": 8.479341689053928,
      "true_theta": 2.569748957508819,
      "est_x": -2.8390508305401703,
      "est_y": 7.432537143937717,
      "est_theta": 2.696050776274285,
      "rmse": 1.3683843897057635,
      "heading_error": 0.12630181876546587,
      "variance": 0.004484966099620718,
      "ess": 123.83818991506853,
      "max_weight_particle_idx": 0,
      "max_weight_particle_x": -2.8256772685871967,
      "max_weight_particle_y": 7.350269817033747
    },
    {
      "timestep": 10,
      "true_x": -2.871002676255268,
      "true_y": 8.84320754853198,
      "true_theta": 2.762438564649119,
      "est_x": -3.779164589567854,
      "est_y": 7.72546387050915,
      "est_theta": 2.8568976672964395,
      "rmse": 1.440176721986431,
      "heading_error": 0.09445910264732049,
      "variance": 0.005736494051069981,
      "ess": 199.51939691605958,
      "max_weight_particle_idx": 0,
      "max_weight_particle_x": -3.8113561954350104,
      "max_weight_particle_y": 7.670121751272105
    },
    {
      "timestep": 11,
      "true_x": -3.872780192239058,
      "true_y": 9.077438022985676,
      "true_theta": 2.9119041005966655,
      "est_x": -4.735464302973609,
      "est_y": 7.8848120844684875,
      "est_theta": 3.0083400432404184,
      "rmse": 1.4719308761412233,
      "heading_error": 0.09643594264375288,
      "variance": 0.006055410373023057,
      "ess": 92.14189756529866,
      "max_weight_particle_idx": 0,
      "max_weight_particle_x": -4.7989043972564875,
      "max_weight_particle_y": 7.943760556300219
    },
    {
      "timestep": 12,
      "true_x": -4.87385369980176,
      "true_y": 9.146945525643162,
      "true_theta": 3.0722709434213074,
      "est_x": -5.70010144483389,
      "est_y": 7.902036322315679,
      "est_theta": -3.1231233208797677,
      "rmse": 1.494150012783237,
      "heading_error": 0.08779104287851093,
      "variance": 0.0066462305365395935,
      "ess": 109.38880993721466,
      "max_weight_particle_idx": 0,
      "max_weight_particle_x": -5.829637605232828,
      "max_weight_particle_y": 7.982634661851723
    },
    {
      "timestep": 13,
      "true_x": -5.843733586985089,
      "true_y": 9.06088418924114,
      "true_theta": -3.053090433663608,
      "est_x": -6.63895655158919,
      "est_y": 7.761513706051948,
      "est_theta": -2.963147330801967,
      "rmse": 1.5233985742467555,
      "heading_error": 0.08994310286164131,
      "variance": 0.005493109869189449,
      "ess": 94.792178782522,
      "max_weight_particle_idx": 0,
      "max_weight_particle_x": -6.667067852012997,
      "max_weight_particle_y": 7.857468465361743
    },
    {
      "timestep": 14,
      "true_x": -6.779457791536944,
      "true_y": 8.805236866226027,
      "true_theta": -2.8748932282868647,
      "est_x": -7.558555948624057,
      "est_y": 7.446428846276229,
      "est_theta": -2.795557671470453,
      "rmse": 1.5663183499711755,
      "heading_error": 0.07933555681641158,
      "variance": 0.005815343349840038,
      "ess": 205.69858348159312,
      "max_weight_particle_idx": 0,
      "max_weight_particle_x": -7.619855833455375,
      "max_weight_particle_y": 7.558248981774414
    },
    {
      "timestep": 15,
      "true_x": -7.673988989772239,
      "true_y": 8.368082283034509,
      "true_theta": -2.6870283800773906,
      "est_x": -8.401885025592707,
      "est_y": 6.965236311237964,
      "est_theta": -2.620733560024488,
      "rmse": 1.5804459685636025,
      "heading_error": 0.06629482005290255,
      "variance": 0.008276593887500577,
      "ess": 181.23522271723678,
      "max_weight_particle_idx": 0,
      "max_weight_particle_x": -8.49063882828974,
      "max_weight_particle_y": 7.083195452489246
    },
    {
      "timestep": 16,
      "true_x": -8.447940008719186,
      "true_y": 7.7765077255112605,
      "true_theta": -2.4889664680213093,
      "est_x": -9.129718861348262,
      "est_y": 6.316294537441523,
      "est_theta": -2.4341034622196043,
      "rmse": 1.6115349696810817,
      "heading_error": 0.054863005801705,
      "variance": 0.016147939454869774,
      "ess": 144.971497281075,
      "max_weight_particle_idx": 0,
      "max_weight_particle_x": -9.24817445750831,
      "max_weight_particle_y": 6.417731495731576
    },
    {
      "timestep": 17,
      "true_x": -9.136945437799321,
      "true_y": 7.049980542271724,
      "true_theta": -2.3296935324825174,
      "est_x": -9.647804145084319,
      "est_y": 5.449845743948242,
      "est_theta": -2.218026553079048,
      "rmse": 1.679704733461994,
      "heading_error": 0.11166697940346948,
      "variance": 0.019776561883528807,
      "ess": 58.38443057871826,
      "max_weight_particle_idx": 0,
      "max_weight_particle_x": -9.744677972946485,
      "max_weight_particle_y": 5.520098202791912
    },
    {
      "timestep": 18,
      "true_x": -9.696838542478373,
      "true_y": 6.243123188352621,
      "true_theta": -2.1774289585349136,
      "est_x": -10.000589533816107,
      "est_y": 4.500858683213451,
      "est_theta": -2.0128954281725404,
      "rmse": 1.7685446758865024,
      "heading_error": 0.16453353036237317,
      "variance": 0.009113242531271144,
      "ess": 133.71244245408874,
      "max_weight_particle_idx": 0,
      "max_weight_particle_x": -10.011973927666455,
      "max_weight_particle_y": 4.359726691468359
    },
    {
      "timestep": 19,
      "true_x": -10.107961492871416,
      "true_y": 5.324586475465227,
      "true_theta": -1.9916398470386403,
      "est_x": -10.222280432887409,
      "est_y": 3.5348870213496943,
      "est_theta": -1.8249371290049274,
      "rmse": 1.7933468588390302,
      "heading_error": 0.16670271803371284,
      "variance": 0.00533613639671407,
      "ess": 189.87585597912874,
      "max_weight_particle_idx": 0,
      "max_weight_particle_x": -10.324406404839566,
      "max_weight_particle_y": 3.661580900428593
    },
    {
      "timestep": 20,
      "true_x": -10.348120776492568,
      "true_y": 4.328308418143058,
      "true_theta": -1.807340010665602,
      "est_x": -10.242470744087633,
      "est_y": 2.5434965193551635,
      "est_theta": -1.6246446016346783,
      "rmse": 1.7879360848201515,
      "heading_error": 0.18269540903092363,
      "variance": 0.005548814163717523,
      "ess": 116.31596639418495,
      "max_weight_particle_idx": 0,
      "max_weight_particle_x": -10.415350927367186,
      "max_weight_particle_y": 2.668917955961315
    },
    {
      "timestep": 21,
      "true_x": -10.407249095842747,
      "true_y": 3.322865769384639,
      "true_theta": -1.62953691950334,
      "est_x": -10.10102177895079,
      "est_y": 1.553992819369351,
      "est_theta": -1.4420700641396775,
      "rmse": 1.795184303325604,
      "heading_error": 0.18746685536366245,
      "variance": 0.008820068573606748,
      "ess": 275.472773555677,
      "max_weight_particle_idx": 0,
      "max_weight_particle_x": -10.332786583833764,
      "max_weight_particle_y": 1.703510197858288
    },
    {
      "timestep": 22,
      "true_x": -10.269529047502115,
      "true_y": 2.3377032165855436,
      "true_theta": -1.431902197636595,
      "est_x": -9.767900274850355,
      "est_y": 0.6101700911655022,
      "est_theta": -1.254264653649122,
      "rmse": 1.798889136377127,
      "heading_error": 0.1776375439874731,
      "variance": 0.013081983206452161,
      "ess": 258.51596488732974,
      "max_weight_particle_idx": 0,
      "max_weight_particle_x": -10.07037008514859,
      "max_weight_particle_y": 0.7428868514304171
    },
    {
      "timestep": 23,
      "true_x": -9.960090999490308,
      "true_y": 1.437966492895146,
      "true_theta": -1.23954763273832,
      "est_x": -9.23819719056485,
      "est_y": -0.25617613670904976,
      "est_theta": -1.0623138441926867,
      "rmse": 1.8415346645684205,
      "heading_error": 0.1772337885456332,
      "variance": 0.017617174408645016,
      "ess": 244.7282285361809,
      "max_weight_particle_idx": 0,
      "max_weight_particle_x": -9.351450633038374,
      "max_weight_particle_y": -0.10387988853610808
    },
    {
      "timestep": 24,
      "true_x": -9.464292168536444,
      "true_y": 0.5603222757926984,
      "true_theta": -1.0565703775905444,
      "est_x": -8.570404075153636,
      "est_y": -1.0136173888433253,
      "est_theta": -0.8770056854082515,
      "rmse": 1.810061322554048,
      "heading_error": 0.17956469218229287,
      "variance": 0.021354581303923845,
      "ess": 260.18159975165815,
      "max_weight_particle_idx": 0,
      "max_weight_particle_x": -8.720726495091096,
      "max_weight_particle_y": -0.8704072689108389
    },
    {
      "timestep": 25,
      "true_x": -8.819887771326924,
      "true_y": -0.23372447206071567,
      "true_theta": -0.8890554935048163,
      "est_x": -7.79658615631567,
      "est_y": -1.6361803331175926,
      "est_theta": -0.6956534526454092,
      "rmse": 1.7360958030873255,
      "heading_error": 0.19340204085940704,
      "variance": 0.02135383983566281,
      "ess": 259.22584601961944,
      "max_weight_particle_idx": 0,
      "max_weight_particle_x": -7.964850067820143,
      "max_weight_particle_y": -1.5343575460007202
    },
    {
      "timestep": 26,
      "true_x": -8.045372687478105,
      "true_y": -0.8802759771917777,
      "true_theta": -0.6955928117002665,
      "est_x": -6.973403120080285,
      "est_y": -2.1513707610864223,
      "est_theta": -0.5292182024428356,
      "rmse": 1.6627689866819273,
      "heading_error": 0.166374609257431,
      "variance": 0.022033553656696396,
      "ess": 260.1608280334772,
      "max_weight_particle_idx": 0,
      "max_weight_particle_x": -7.118194567811859,
      "max_weight_particle_y": -2.0643682973911885
    },
    {
      "timestep": 27,
      "true_x": -7.142207146128769,
      "true_y": -1.386794684006135,
      "true_theta": -0.5111168974918339,
      "est_x": -6.068793298930907,
      "est_y": -2.4927711470788454,
      "est_theta": -0.3568679334932935,
      "rmse": 1.5412336695734805,
      "heading_error": 0.15424896399854038,
      "variance": 0.022603580255659617,
      "ess": 261.5611597518324,
      "max_weight_particle_idx": 0,
      "max_weight_particle_x": -6.209679430126392,
      "max_weight_particle_y": -2.4335628551010138
    },
    {
      "timestep": 28,
      "true_x": -6.178372920846323,
      "true_y": -1.7187439267472064,
      "true_theta": -0.3316816628102369,
      "est_x": -5.151348468355307,
      "est_y": -2.708380910299322,
      "est_theta": -0.19479026700402846,
      "rmse": 1.4262400166972606,
      "heading_error": 0.13689139580620846,
      "variance": 0.023956429568701407,
      "ess": 219.314457685522,
      "max_weight_particle_idx": 0,
      "max_weight_particle_x": -5.215568682118172,
      "max_weight_particle_y": -2.6346656935799544
    },
    {
      "timestep": 29,
      "true_x": -5.18510305230332,
      "true_y": -1.8625116325908342,
      "true_theta": -0.1437435659777533,
      "est_x": -4.199092642188203,
      "est_y": -2.7519985274754863,
      "est_theta": -0.029683710752130884,
      "rmse": 1.3279320257554301,
      "heading_error": 0.11405985522562243,
      "variance": 0.025605238572657285,
      "ess": 235.70750445458114,
      "max_weight_particle_idx": 0,
      "max_weight_particle_x": -4.185162587900567,
      "max_weight_particle_y": -2.645276339878506
    }
  ],
  "final_rmse": 1.3279320257554301,
  "mean_rmse": 1.4436413588758858,
  "mean_ess": 156.18413670789258,
  "weight_failures": 0,
  "diverged": false
}