{
  "config": {
    "num_timesteps": 30,
    "initial_pose": [
      0.0,
      0.0,
      0.7853981633974483
    ],
    "landmarks": [
      [
        5,
        5
      ],
      [
        10,
        10
      ],
      [
        5,
        15
      ],
      [
        15,
        5
      ],
      [
        15,
        15
      ],
      [
        10,
        20
      ]
    ],
    "seed": 0,
    "init_range": 5.0,
    "resample_method": "systematic",
    "rejuvenation_sigma": 0.0,
    "create_animation": false,
    "divergence_threshold": 10.0,
    "name": "exp_04_N300_trans0.02_theta1deg",
    "num_particles": 300,
    "robot_motion_noise_trans": 0.02,
    "robot_motion_noise_theta": 0.017453292519943295,
    "particle_motion_noise_trans": 0.02,
    "particle_motion_noise_theta": 0.017453292519943295,
    "meas_noise": 0.1
  },
  "stats": [
    {
      "timestep": 0,
      "true_x": 0.5441751880268939,
      "true_y": 0.8255521564556464,
      "true_theta": 0.988005096309464,
      "est_x": 0.49952815590023925,
      "est_y": 0.998557919825244,
      "est_theta": 1.282389148929906,
      "rmse": 0.17867386948520406,
      "heading_error": 0.294384052620442,
      "variance": 1.84673570507403e-29,
      "ess": 1.0000004902631299,
      "max_weight_particle_idx": 0,
      "max_weight_particle_x": 0.49952815590023913,
      "max_weight_particle_y": 0.9985579198252438
    },
    {
      "timestep": 1,
      "true_x": 0.944254930136957,
      "true_y": 1.7385732753319822,
      "true_theta": 1.1578041113488,
      "est_x": 0.6241964797367702,
      "est_y": 1.9914735617725343,
      "est_theta": 1.4458534522028343,
      "rmse": 0.4079166171588039,
      "heading_error": 0.28804934085403433,
      "variance": 0.0005330451307493603,
      "ess": 232.17647750216824,
      "max_weight_particle_idx": 0,
      "max_weight_particle_x": 0.6149371646335032,
      "max_weight_particle_y": 1.9900117708943217
    },
    {
      "timestep": 2,
      "true_x": 1.144907310803339,
      "true_y": 2.7023952089580296,
      "true_theta": 1.365543988518149,
      "est_x": 0.6651014945843113,
      "est_y": 2.9958797970463076,
      "est_theta": 1.5592765840507672,
      "rmse": 0.5624471750510918,
      "heading_error": 0.19373259553261812,
      "variance": 0.0002403603272074424,
      "ess": 2.7164078903446147,
      "max_weight_particle_idx": 0,
      "max_weight_particle_x": 0.6439609463683619,
      "max_weight_particle_y": 3.020698070738134
    },
    {
      "timestep": 3,
      "true_x": 1.1793168836795145,
      "true_y": 3.676673168834217,
      "true_theta": 1.5354929760916558,
      "est_x": 0.5596262344487221,
      "est_y": 4.020554668683748,
      "est_theta": 1.6795733452133463,
      "rmse": 0.7087107919898243,
      "heading_error": 0.1440803691216905,
      "variance": 0.00014194058808177616,
      "ess": 1.2939751865501132,
      "max_weight_particle_idx": 0,
      "max_weight_particle_x": 0.5366096223146372,
      "max_weight_particle_y": 3.9817389280812363
    },
    {
      "timestep": 4,
      "true_x": 1.0246132953430405,
      "true_y": 4.640610158802528,
      "true_theta": 1.7299306775875731,
      "est_x": 0.3191733037918368,
      "est_y": 5.001200694617993,
      "est_theta": 1.8143926584501349,
      "rmse": 0.7922569761128309,
      "heading_error": 0.08446198086256172,
      "variance": 0.0006971460493866285,
      "ess": 6.270740799924923,
      "max_weight_particle_idx": 0,
      "max_weight_particle_x": 0.3060837005024285,
      "max_weight_particle_y": 4.962741866137767
    },
    {
      "timestep": 5,
      "true_x": 0.6886910182978543,
      "true_y": 5.6079017374654505,
      "true_theta": 1.9050470917145188,
      "est_x": -0.037703383516447087,
      "est_y": 5.939384669584806,
      "est_theta": 1.9417883227299015,
      "rmse": 0.798454608148517,
      "heading_error": 0.036741231015382736,
      "variance": 0.0006623694011862019,
      "ess": 3.578390707582016,
      "max_weight_particle_idx": 0,
      "max_weight_particle_x": -0.05677090796963141,
      "max_weight_particle_y": 5.948988301605391
    },
    {
      "timestep": 6,
      "true_x": 0.1930228734746559,
      "true_y": 6.488439045327063,
      "true_theta": 2.083501402698088,
      "est_x": -0.5098302173051935,
      "est_y": 6.816899851574313,
      "est_theta": 2.0719207473597625,
      "rmse": 0.7758150349531651,
      "heading_error": -0.011580655338325307,
      "variance": 0.00043581048320288945,
      "ess": 4.784791770240036,
      "max_weight_particle_idx": 0,
      "max_weight_particle_x": -0.522254556970579,
      "max_weight_particle_y": 6.790059403577407
    },
    {
      "timestep": 7,
      "true_x": -0.45257494889719113,
      "true_y": 7.305794733105922,
      "true_theta": 2.239324635681244,
      "est_x": -1.0708064657288014,
      "est_y": 7.641194815713609,
      "est_theta": 2.182712389525173,
      "rmse": 0.7033515648785867,
      "heading_error": -0.05661224615607097,
      "variance": 0.0003012328440888867,
      "ess": 1.7564338941270334,
      "max_weight_particle_idx": 0,
      "max_weight_particle_x": -1.0773396515827451,
      "max_weight_particle_y": 7.617547476998559
    },
    {
      "timestep": 8,
      "true_x": -1.1556234514145902,
      "true_y": 7.963109362237347,
      "true_theta": 2.389800704656545,
      "est_x": -1.7293750397487297,
      "est_y": 8.351985897502171,
      "est_theta": 2.3268029119634615,
      "rmse": 0.6931203681868843,
      "heading_error": -0.06299779269308337,
      "variance": 0.00028798744134387276,
      "ess": 5.611321079371679,
      "max_weight_particle_idx": 0,
      "max_weight_particle_x": -1.748725764107529,
      "max_weight_particle_y": 8.36872839663223
    },
    {
      "timestep": 9,
      "true_x": -1.9577585508086068,
      "true_y": 8.479341689053928,
      "true_theta": 2.569748957508819,
      "est_x": -2.4729970678547026,
      "est_y": 8.909853901679629,
      "est_theta": 2.5009126695687964,
      "rmse": 0.6714249732231712,
      "heading_error": -0.06883628794002261,
      "variance": 9.095506122443477e-05,
      "ess": 2.098840835636136,
      "max_weight_particle_idx": 0,
      "max_weight_particle_x": -2.4917500324927144,
      "max_weight_particle_y": 8.963131190504392
    },
    {
      "timestep": 10,
      "true_x": -2.871002676255268,
      "true_y": 8.84320754853198,
      "true_theta": 2.762438564649119,
      "est_x": -3.3190733135285924,
      "est_y": 9.348681792106554,
      "est_theta": 2.664044699942823,
      "rmse": 0.6754787242421556,
      "heading_error": -0.09839386470629607,
      "variance": 0.00041917901568060915,
      "ess": 4.314220750248851,
      "max_weight_particle_idx": 0,
      "max_weight_particle_x": -3.350139225426585,
      "max_weight_particle_y": 9.339759833220581
    },
    {
      "timestep": 11,
      "true_x": -3.872780192239058,
      "true_y": 9.077438022985676,
      "true_theta": 2.9119041005966655,
      "est_x": -4.215746488258077,
      "est_y": 9.66661364417325,
      "est_theta": 2.8091859633543272,
      "rmse": 0.6817285330736628,
      "heading_error": -0.10271813724233825,
      "variance": 0.0006692505040348626,
      "ess": 6.220820671717378,
      "max_weight_particle_idx": 0,
      "max_weight_particle_x": -4.245966723251415,
      "max_weight_particle_y": 9.65199592184847
    },
    {
      "timestep": 12,
      "true_x": -4.87385369980176,
      "true_y": 9.146945525643162,
      "true_theta": 3.0722709434213074,
      "est_x": -5.153117226265915,
      "est_y": 9.82702432489969,
      "est_theta": 2.9814086323497353,
      "rmse": 0.7351838480348954,
      "heading_error": -0.09086231107157207,
      "variance": 0.001012769160519153,
      "ess": 10.322124896239172,
      "max_weight_particle_idx": 0,
      "max_weight_particle_x": -5.180788191122162,
      "max_weight_particle_y": 9.816624183118279
    },
    {
      "timestep": 13,
      "true_x": -5.843733586985089,
      "true_y": 9.06088418924114,
      "true_theta": -3.053090433663608,
      "est_x": -6.089866077012195,
      "est_y": 9.812196550635544,
      "est_theta": -3.1181417825887237,
      "rmse": 0.7906019649804695,
      "heading_error": -0.06505134892511544,
      "variance": 0.0009657825791472703,
      "ess": 7.4743503450105315,
      "max_weight_particle_idx": 0,
      "max_weight_particle_x": -6.114002463884557,
      "max_weight_particle_y": 9.813057023126902
    },
    {
      "timestep": 14,
      "true_x": -6.779457791536944,
      "true_y": 8.805236866226027,
      "true_theta": -2.8748932282868647,
      "est_x": -7.063156587043758,
      "est_y": 9.513632662631782,
      "est_theta": -2.8945943246583816,
      "rmse": 0.763092137908235,
      "heading_error": -0.019701096371516957,
      "variance": 0.006557194452783099,
      "ess": 8.76817377865748,
      "max_weight_particle_idx": 0,
      "max_weight_particle_x": -7.04046604617831,
      "max_weight_particle_y": 9.668648143067854
    },
    {
      "timestep": 15,
      "true_x": -7.673988989772239,
      "true_y": 8.368082283034509,
      "true_theta": -2.6870283800773906,
      "est_x": -7.951435334296243,
      "est_y": 8.9780077025787,
      "est_theta": -2.6732993518970094,
      "rmse": 0.6700637965864825,
      "heading_error": 0.013729028180381242,
      "variance": 0.001178953131563723,
      "ess": 19.685786481880935,
      "max_weight_particle_idx": 0,
      "max_weight_particle_x": -7.948674790262178,
      "max_weight_particle_y": 9.109198950174079
    },
    {
      "timestep": 16,
      "true_x": -8.447940008719186,
      "true_y": 7.7765077255112605,
      "true_theta": -2.4889664680213093,
      "est_x": -8.70702508646494,
      "est_y": 8.349126126782888,
      "est_theta": -2.4640792282063546,
      "rmse": 0.6285037080124494,
      "heading_error": 0.024887239814954668,
      "variance": 0.0006935774402445749,
      "ess": 23.200756876619497,
      "max_weight_particle_idx": 0,
      "max_weight_particle_x": -8.732500162781824,
      "max_weight_particle_y": 8.37564354489501
    },
    {
      "timestep": 17,
      "true_x": -9.136945437799321,
      "true_y": 7.049980542271724,
      "true_theta": -2.3296935324825174,
      "est_x": -9.310571500379355,
      "est_y": 7.548028120013462,
      "est_theta": -2.2394467519536514,
      "rmse": 0.5274442143975591,
      "heading_error": 0.09024678052886602,
      "variance": 0.0014049805458617249,
      "ess": 16.05526420843375,
      "max_weight_particle_idx": 0,
      "max_weight_particle_x": -9.33793126183392,
      "max_weight_particle_y": 7.609535559010172
    },
    {
      "timestep": 18,
      "true_x": -9.696838542478373,
      "true_y": 6.243123188352621,
      "true_theta": -2.1774289585349136,
      "est_x": -9.764485787529011,
      "est_y": 6.633480856834218,
      "est_theta": -2.048169109459815,
      "rmse": 0.39617579318445184,
      "heading_error": 0.1292598490750985,
      "variance": 0.0025750082610412526,
      "ess": 153.91210705897547,
      "max_weight_particle_idx": 0,
      "max_weight_particle_x": -9.822963810396505,
      "max_weight_particle_y": 6.715790258429716
    },
    {
      "timestep": 19,
      "true_x": -10.107961492871416,
      "true_y": 5.324586475465227,
      "true_theta": -1.9916398470386403,
      "est_x": -10.138355429700301,
      "est_y": 5.6854606552294165,
      "est_theta": -1.9066711375705447,
      "rmse": 0.36215185353168444,
      "heading_error": 0.08496870946809554,
      "variance": 0.002918482176026295,
      "ess": 54.892730069425056,
      "max_weight_particle_idx": 0,
      "max_weight_particle_x": -10.190360833065915,
      "max_weight_particle_y": 5.738608485777235
    },
    {
      "timestep": 20,
      "true_x": -10.348120776492568,
      "true_y": 4.328308418143058,
      "true_theta": -1.807340010665602,
      "est_x": -10.32728450108526,
      "est_y": 4.679803386839167,
      "est_theta": -1.7439638778758848,
      "rmse": 0.3521120040434972,
      "heading_error": 0.06337613278971709,
      "variance": 0.0036014952653298437,
      "ess": 112.19671384807421,
      "max_weight_particle_idx": 0,
      "max_weight_particle_x": -10.402347281305353,
      "max_weight_particle_y": 4.764589813851972
    },
    {
      "timestep": 21,
      "true_x": -10.407249095842747,
      "true_y": 3.322865769384639,
      "true_theta": -1.62953691950334,
      "est_x": -10.455387627514385,
      "est_y": 3.712303134413834,
      "est_theta": -1.6147194252982204,
      "rmse": 0.39240129907071414,
      "heading_error": 0.014817494205119575,
      "variance": 0.0016139437712890665,
      "ess": 11.325410950569118,
      "max_weight_particle_idx": 0,
      "max_weight_particle_x": -10.438792136684363,
      "max_weight_particle_y": 3.796343573092412
    },
    {
      "timestep": 22,
      "true_x": -10.269529047502115,
      "true_y": 2.3377032165855436,
      "true_theta": -1.431902197636595,
      "est_x": -10.35038824621799,
      "est_y": 2.7131474324350773,
      "est_theta": -1.4575420876040979,
      "rmse": 0.38405282088775855,
      "heading_error": -0.02563988996750277,
      "variance": 0.0018280149295290937,
      "ess": 103.96881836291563,
      "max_weight_particle_idx": 0,
      "max_weight_particle_x": -10.276520093439418,
      "max_weight_particle_y": 2.7373898793503506
    },
    {
      "timestep": 23,
      "true_x": -9.960090999490308,
      "true_y": 1.437966492895146,
      "true_theta": -1.23954763273832,
      "est_x": -10.070427700135854,
      "est_y": 1.715944808297549,
      "est_theta": -1.2953739884032884,
      "rmse": 0.2990754609514169,
      "heading_error": -0.05582635566496852,
      "variance": 0.0026278279786517656,
      "ess": 128.66454288799778,
      "max_weight_particle_idx": 0,
      "max_weight_particle_x": -10.033846408758368,
      "max_weight_particle_y": 1.7703321029213
    },
    {
      "timestep": 24,
      "true_x": -9.464292168536444,
      "true_y": 0.5603222757926984,
      "true_theta": -1.0565703775905444,
      "est_x": -9.603272241046941,
      "est_y": 0.8100483531707408,
      "est_theta": -1.1064470064457648,
      "rmse": 0.2857946365445773,
      "heading_error": -0.04987662885522038,
      "variance": 0.0030946954005096295,
      "ess": 167.4644645009306,
      "max_weight_particle_idx": 0,
      "max_weight_particle_x": -9.5888601214385,
      "max_weight_particle_y": 0.8829965592002321
    },
    {
      "timestep": 25,
      "true_x": -8.819887771326924,
      "true_y": -0.23372447206071567,
      "true_theta": -0.8890554935048163,
      "est_x": -8.958109490301528,
      "est_y": 0.012910620414972622,
      "est_theta": -0.9125534656800549,
      "rmse": 0.28272621462606845,
      "heading_error": -0.02349797217523864,
      "variance": 0.0031558817757284773,
      "ess": 151.6671902188516,
      "max_weight_particle_idx": 0,
      "max_weight_particle_x": -8.999086227369457,
      "max_weight_particle_y": 0.0679223922520541
    },
    {
      "timestep": 26,
      "true_x": -8.045372687478105,
      "true_y": -0.8802759771917777,
      "true_theta": -0.6955928117002665,
      "est_x": -8.187028877970773,
      "est_y": -0.678946159310782,
      "est_theta": -0.7315763408121839,
      "rmse": 0.24617102159452076,
      "heading_error": -0.03598352911191738,
      "variance": 0.0028289159290403455,
      "ess": 160.0658623607679,
      "max_weight_particle_idx": 0,
      "max_weight_particle_x": -8.234666460827802,
      "max_weight_particle_y": -0.6567426489620614
    },
    {
      "timestep": 27,
      "true_x": -7.142207146128769,
      "true_y": -1.386794684006135,
      "true_theta": -0.5111168974918339,
      "est_x": -7.29815326767513,
      "est_y": -1.1954492322826853,
      "est_theta": -0.5413193426931983,
      "rmse": 0.2468446368074534,
      "heading_error": -0.030202445201364392,
      "variance": 0.002848154969478683,
      "ess": 150.2196836742709,
      "max_weight_particle_idx": 0,
      "max_weight_particle_x": -7.325278077677337,
      "max_weight_particle_y": -1.1907260617931503
    },
    {
      "timestep": 28,
      "true_x": -6.178372920846323,
      "true_y": -1.7187439267472064,
      "true_theta": -0.3316816628102369,
      "est_x": -6.352692013180566,
      "est_y": -1.542648176810539,
      "est_theta": -0.35925491179311697,
      "rmse": 0.24778389596176684,
      "heading_error": -0.02757324898288005,
      "variance": 0.003471689529861299,
      "ess": 227.0811077572083,
      "max_weight_particle_idx": 0,
      "max_weight_particle_x": -6.375376055227863,
      "max_weight_particle_y": -1.5462322905657953
    },
    {
      "timestep": 29,
      "true_x": -5.18510305230332,
      "true_y": -1.8625116325908342,
      "true_theta": -0.1437435659777533,
      "est_x": -5.36399350839206,
      "est_y": -1.693503812354892,
      "est_theta": -0.1717117967935924,
      "rmse": 0.24610046440537653,
      "heading_error": -0.027968230815839074,
      "variance": 0.003847852704813824,
      "ess": 198.5415316423305,
      "max_weight_particle_idx": 0,
      "max_weight_particle_x": -5.3595637159331,
      "max_weight_particle_y": -1.7193640211993007
    }
  ],
  "final_rmse": 0.24610046440537653,
  "mean_rmse": 0.5168553002677758,
  "mean_ess": 65.91096804991109,
  "weight_failures": 0,
  "diverged": false
}