price,sqft_living,bedrooms,bathrooms,year_built,lot_size,garage_spaces,distance_to_downtown,school_quality,crime_rate,median_income,zoning_type
501682,2048,4,3,2003,7424,0,0.75,10,18.8,81250,Mixed
351746,1731,1,3,1982,1000,0,6.29,6,65.31,73597,Residential
383997,2124,3,1,1999,9305,2,18.02,4,14.85,90978,Mixed
525047,2562,5,3,1987,7646,2,20.39,8,55.43,64009,Mixed
421771,1683,3,3,1976,8525,2,3.41,7,52.71,83715,Mixed
382134,1683,3,2,1964,18779,0,10.18,7,73.42,53951,Residential
433424,2590,1,1,2010,1000,2,6.67,10,5.51,30000,Residential
438182,2184,1,1,1970,12174,1,3.48,9,88.79,68582,Residential
317033,1565,1,1,1995,6138,2,4.25,5,70.3,61500,Residential
454678,2071,2,3,2018,7862,0,0.74,6,21.61,54238,Residential
313371,1568,4,1,1955,6863,1,13.88,1,18.34,83472,Residential
420588,1567,2,3,1987,5727,2,2.17,6,43.17,88124,Residential
433656,1921,4,3,2011,5291,1,2.95,2,81.76,71581,Residential
290976,843,4,2,2011,7989,1,5.57,6,84.29,67262,Commercial
298990,938,3,2,1995,2448,0,2.03,9,52.05,70941,Residential
407803,1519,3,2,1962,9252,1,1.47,8,86.08,60206,Residential
362834,1294,4,2,1952,5751,1,4.99,9,0.54,78439,Commercial
459888,1957,4,2,1955,3610,0,0.5,10,3.52,46909,Residential
354179,1346,2,3,1957,5650,0,6.38,8,91.18,53904,Residential
266237,1094,2,3,1993,10771,0,3.61,3,77.53,58131,Commercial
487127,2533,3,1,1982,5394,1,4.65,8,45.07,78120,Residential
367139,1687,1,3,1999,8075,1,5,6,75.36,65463,Residential
444469,1834,4,3,1960,4807,1,3.74,6,95.56,90406,Residential
312231,1088,2,2,1977,9274,0,4.37,6,77.21,82050,Residential
373768,1528,3,3,2019,9057,2,5.76,3,84.24,57984,Residential
432758,1855,2,2,1990,12546,1,6.99,10,76.06,79502,Residential
284281,1225,4,1,1965,6473,2,6.5,1,16.82,63877,Residential
395386,1988,4,1,2017,9006,0,10.19,4,83.36,77098,Residential
481526,1500,5,3,1997,7294,1,1.05,10,19.51,82777,Mixed
375658,1654,1,1,2005,10888,2,2.56,6,89.26,86721,Residential
459958,1499,5,3,2013,4844,1,14.76,10,45.86,73030,Mixed
468514,2726,3,1,2008,9235,1,2.53,2,67.7,94002,Residential
387824,1793,2,2,2011,6416,1,0.67,7,49.72,76620,Commercial
351136,1271,3,2,1960,6807,2,3.73,7,9.4,72026,Residential
474457,2211,4,2,1967,7275,0,0.58,4,29.07,65462,Residential
319187,1190,5,2,1968,7757,1,1.13,4,98.37,60530,Residential
339026,1904,5,3,2004,6651,0,25,1,96.07,76298,Commercial
267689,820,5,1,1975,7644,0,3.9,2,32.05,71511,Residential
392192,1136,3,3,1955,11734,2,1.67,9,99.63,73912,Residential
387111,1898,4,2,1953,9956,2,25,10,84.56,77211,Residential
432198,2169,2,3,1978,9607,0,16.99,8,61.1,73849,Mixed
409748,1886,2,1,2008,5633,1,2.91,8,4.01,100199,Residential
463482,1742,3,3,1966,4332,2,1.51,9,90.14,62081,Residential
387502,1649,5,1,1992,9866,1,9.11,7,55.74,76484,Residential
365125,1061,1,3,2015,9628,1,6.29,9,86.85,66585,Residential
333149,1440,3,1,1983,11418,1,5.81,10,83.44,33078,Mixed
262897,1570,3,1,1957,5188,0,11.18,2,83.3,67098,Mixed
451683,2329,4,2,1962,6311,1,5.85,6,69.82,55953,Residential
332343,1972,2,1,1957,2082,0,1.67,3,29.14,68998,Residential
266917,918,3,2,2014,5823,0,5.92,6,33.62,69604,Commercial
401620,1962,3,2,1992,9990,1,1.83,3,30.85,75780,Residential
427147,1607,5,2,1988,5601,1,7.12,8,2,62047,Mixed
410551,1462,5,3,2008,8921,1,4.83,4,58.26,63924,Residential
472608,2106,1,3,1993,6428,1,0.5,10,69.88,80510,Residential
458681,2315,4,3,1958,7972,0,3.6,6,85.39,57864,Residential
472225,2266,1,3,1986,3557,1,2.1,9,14.02,42423,Residential
360138,1380,5,1,1985,7256,1,1.99,2,54.42,72355,Mixed
331399,1645,2,1,1977,1000,0,4.61,2,0.8,86063,Residential
477146,1966,5,3,1991,6439,2,1.95,7,9.51,80338,Commercial
401005,2288,4,1,1992,2109,2,7.5,2,5.42,72632,Residential
302747,1560,5,1,1991,10618,0,0.5,2,72.55,88760,Commercial
431313,1707,4,2,2015,9332,2,5.4,4,8.11,86230,Residential
321502,1247,4,2,2004,8400,0,8.28,9,71.65,65036,Mixed
395146,1202,4,2,2021,11563,1,5.59,8,24.96,73713,Residential
424438,2206,4,2,1997,4153,1,3.44,2,87.77,74357,Commercial
442368,2478,4,1,1971,12242,2,15.01,8,81.31,68699,Residential
373465,1764,2,3,1976,9797,1,1.78,4,95.78,87014,Residential
396485,2302,1,1,2016,6290,2,0.5,2,88.38,67718,Mixed
380088,1981,3,1,1962,10407,2,2.83,10,93.33,62496,Residential
320640,1477,1,1,1994,3681,1,0.5,7,85.87,31127,Residential
420003,1981,4,2,1959,4526,1,15.39,6,69.34,58025,Residential
486797,2569,2,2,1958,5174,2,1.18,10,17.03,50269,Residential
404562,1782,5,2,2003,5413,1,7.78,5,27.17,69394,Residential
432699,2582,2,3,1976,3830,0,7.45,1,21.27,51195,Residential
231313,500,4,1,1983,10669,1,1.23,2,60.36,79130,Residential
480152,2211,2,3,1950,6223,1,4.85,8,50.36,86627,Residential
326527,1844,2,2,1981,8058,0,0.5,1,86.71,69533,Residential
422057,1650,4,3,2020,5289,1,3.3,3,95.27,55240,Mixed
372142,1846,2,1,2016,1538,1,0.5,2,40.49,74296,Residential
279520,806,3,1,1969,7810,2,12.7,5,50.64,98402,Residential
371498,1690,3,2,1984,1263,1,18.67,4,97.15,93737,Residential
433665,1979,2,2,1966,6794,1,1.26,7,27.62,48909,Residential
499521,2539,5,3,1967,2895,0,1.17,5,79.24,48352,Residential
382097,1541,4,2,1994,12962,2,7.01,8,22.52,44507,Residential
350338,1396,3,2,2002,9734,2,1.46,4,68.15,52945,Residential
422729,1549,5,1,2017,7317,2,11.27,6,25.36,73774,Residential
398040,2258,2,2,2014,10791,1,4.27,4,88.37,61650,Residential
369295,1964,5,2,1950,4461,2,2.16,2,56.15,57420,Commercial
271241,1535,1,1,2007,8630,0,8.94,1,18.59,85587,Residential
399997,2057,3,1,1975,7599,2,3.4,1,22.44,77951,Residential
405924,1849,2,3,1969,7792,0,12.13,8,49.38,44429,Residential
427290,2284,4,2,1959,10817,2,13.16,4,96.16,84726,Commercial
328579,1449,2,1,2008,9197,2,0.9,5,76.96,77591,Mixed
445535,1636,4,3,1990,7866,0,0.5,8,48.83,77924,Mixed
333381,1604,2,3,1954,2035,2,20.65,7,33.77,61443,Residential
368429,1068,5,2,2014,4120,2,11.83,8,54.93,67190,Residential
471345,1948,5,2,1966,6632,2,0.5,8,74.84,40409,Residential
446350,1931,5,3,1971,7280,1,8.95,6,78.39,83005,Commercial
321446,1803,1,1,1990,3609,0,3.06,10,32.46,55016,Mixed
426397,1683,4,3,2017,14235,2,1.5,2,72.12,56941,Residential
375341,1092,5,2,2018,11549,0,10.55,6,65.78,56738,Residential
297805,1590,1,1,1960,8806,0,1.09,1,95.91,97006,Residential
302814,1629,4,1,2005,7216,0,14.72,1,93.11,59969,Residential
358973,1399,2,3,2000,6363,2,1.15,3,78.94,84134,Residential
367631,1719,1,2,1970,4144,2,4.76,3,72.34,69640,Residential
421761,2002,3,3,1975,7232,0,1.26,5,27.4,57563,Residential
431407,2743,1,3,1968,7773,1,3.94,1,84.6,54844,Residential
412671,1887,1,3,2009,3275,0,5.76,10,42.75,60567,Residential
440804,1929,4,1,2020,8003,1,1.06,6,27.22,68883,Residential
405424,1763,2,1,1996,6534,0,3.68,7,38.42,79026,Residential
309089,841,3,2,2020,1277,0,3.17,10,83.59,62935,Residential
399418,1787,5,2,1975,4419,0,0.5,3,14.86,62374,Mixed
414522,1830,5,3,1989,5759,2,8.53,4,45.62,56783,Commercial
531595,3032,1,3,1954,12663,1,2.04,10,49.24,52089,Residential
460607,1704,4,3,1970,8670,1,4.27,10,3.66,50835,Residential
495350,1951,4,2,1953,2994,0,3.62,10,19.57,84820,Residential
411080,1783,5,1,1972,8458,2,3.6,10,82.67,62067,Residential
317944,1216,3,1,1964,2358,2,0.57,10,83.08,63396,Commercial
439292,2371,2,3,1957,10248,1,2.75,3,29.24,60001,Mixed
419456,2176,3,3,1990,5587,2,3.01,1,87.49,65247,Residential
500966,2196,2,3,1968,6719,1,6.61,8,77.18,75566,Mixed
438952,1345,5,3,1995,10977,1,9.16,10,41.79,62697,Mixed
452005,2501,2,2,1977,3139,1,3.94,10,74.84,72711,Mixed
277045,1099,4,1,2017,2809,2,0.5,2,96.13,91273,Residential
385917,2093,1,3,1964,5249,1,1.35,1,45.9,57705,Residential
502465,2895,1,2,1986,10115,1,0.9,8,23.84,63408,Residential
418622,1305,5,3,1950,2442,0,0.67,7,94.18,79616,Residential
430348,1517,4,3,2016,1000,1,2.28,7,60.37,92459,Residential
334705,1850,3,1,1973,5647,1,1.3,4,10.53,51365,Commercial
412016,1548,4,3,1976,8655,0,1.23,9,57.27,44488,Residential
294932,1025,1,1,1989,10601,0,0.5,6,50.06,69991,Mixed
354015,1834,1,1,2012,5611,2,0.5,2,85.56,68442,Residential
363334,1269,4,1,2010,5766,1,0.54,1,53.07,80503,Residential
403610,2037,4,2,1985,10462,2,0.94,1,25.52,78213,Commercial
369845,1340,1,2,1973,1391,2,2.82,9,67.56,69491,Residential
459223,2575,3,1,1973,5834,0,3.57,4,54.26,85738,Residential
423308,1408,5,3,1953,7571,2,0.76,5,23.3,59785,Mixed
351623,1639,5,1,2016,8348,1,2.77,3,57.36,73174,Commercial
452874,2207,4,3,1983,5471,0,2.09,4,82.15,51764,Residential
382947,1185,5,1,2006,7103,1,1.01,8,2.86,69368,Mixed
380377,1914,1,3,1998,1000,1,0.5,4,63.09,48083,Residential
409552,2454,1,2,2002,5025,0,3.15,9,34.96,53262,Commercial
344262,996,4,3,1972,8361,1,5.79,9,29.27,95642,Mixed
427336,1892,4,1,2018,4053,0,1.28,6,39.26,42632,Residential
427159,1930,4,2,2002,7177,1,0.71,2,34.2,66750,Residential
453738,2191,3,3,2011,8341,0,10.9,10,83.22,82408,Residential
455009,1182,5,3,1990,5972,2,1.61,7,27.48,103320,Residential
426308,1140,4,3,2006,7511,1,1.27,9,73.32,72656,Mixed
442474,2061,2,3,2009,4112,0,9.73,6,9.41,73513,Residential
339921,1948,2,3,2003,6380,1,8.49,3,95.14,70595,Commercial
394278,1925,1,2,2019,8831,1,2.97,7,62.23,85859,Mixed
433477,1973,5,2,2006,7471,1,3.36,5,70.67,76476,Mixed
341837,1460,4,2,1959,5240,0,1.23,1,29.8,61374,Mixed
420675,1916,2,2,1989,7673,2,0.5,3,41.21,86733,Residential
485783,1947,5,1,1956,9144,2,4.26,5,22.38,63067,Residential
306531,1443,1,2,1987,1000,2,0.52,7,93.25,46023,Residential
489169,2733,3,3,2010,10477,0,2.98,3,48.81,46070,Residential
411735,2037,5,3,1952,5991,2,14.11,6,63.04,66984,Residential
346094,1204,5,2,2000,8276,0,15.27,5,73.43,71546,Residential
466579,2128,3,3,1996,10592,1,1.37,1,37.11,84334,Residential
441109,1313,5,2,2017,2885,1,4.89,10,72.01,79612,Mixed
416979,2194,1,3,1987,4872,2,3.21,6,67.6,71198,Commercial
369177,2379,1,1,1985,6134,0,10.42,8,70.57,85173,Residential
309689,1390,3,1,1990,4649,1,1.58,1,48.92,70191,Residential
456424,2282,4,2,2018,12205,0,0.5,2,38.29,50643,Residential
358208,2006,2,2,1962,4430,0,0.89,4,22.21,47373,Residential
408025,2211,4,2,2007,5333,1,2.15,2,82.46,89180,Commercial
532070,2748,5,3,1999,7613,0,1.9,9,60.84,36322,Residential
352685,1677,2,2,1979,3394,1,7.84,10,44.44,66989,Commercial
399201,1423,3,1,2011,5813,1,5.71,8,94.4,114727,Residential
428693,1355,3,3,1974,7952,1,1.78,8,4.78,76889,Residential
287290,1392,2,2,1976,6001,0,3.06,4,85.02,66872,Residential
361684,1761,1,3,2000,6720,1,0.5,5,99.76,44733,Residential
394356,1971,2,3,2006,5412,0,11.42,4,88.69,94261,Residential
424896,1938,5,2,1996,2457,1,13.7,9,81.04,88207,Commercial
334720,2214,1,3,1988,7965,1,19.51,2,37.43,80272,Commercial
415482,1807,3,1,1965,12265,2,10.15,8,23.13,69992,Residential
415458,2527,2,1,1971,7055,2,0.96,2,73.49,78580,Mixed
365592,1668,4,3,2003,7676,2,0.5,1,30.46,67771,Residential
555940,3160,4,2,1970,9078,0,4.33,10,17.6,55401,Mixed
428742,2113,5,3,2021,3192,0,12.19,3,78.65,84345,Residential
379698,1371,4,1,1965,12108,1,0.98,9,31.25,69240,Commercial
360963,1265,2,3,2008,7607,1,0.5,3,91.44,77829,Residential
414738,2041,2,3,1980,11896,1,8.19,9,84.06,68183,Residential
411758,1688,4,1,1991,4801,1,0.5,7,84.76,76927,Residential
473388,2157,2,3,1981,12454,0,2.67,10,77.16,69783,Residential
441467,2037,5,3,2008,9325,1,5.68,1,88.09,68612,Residential
396103,1764,1,2,1983,8659,1,1.35,10,80.57,70450,Residential
407683,1377,5,2,1958,7702,2,0.5,5,60.25,114413,Mixed
371775,1043,5,1,1960,6254,1,7.35,9,29.58,82036,Mixed
305118,1577,2,1,1959,10602,1,4.97,3,88.82,108791,Commercial
335623,2228,1,1,1966,7421,1,22.32,9,84.06,69878,Commercial
369217,1907,2,2,2017,1099,0,2.11,5,47.29,65364,Mixed
388643,1177,3,1,1997,3648,2,0.5,9,3.91,53887,Residential
394091,1887,2,1,2001,6442,1,6.63,10,63.85,94048,Residential
366701,1993,2,1,1974,7930,1,3.69,6,5.06,56422,Mixed
332737,1358,2,2,1970,6830,2,1.2,9,92.63,97143,Commercial
405406,1877,1,3,2014,10657,1,7.61,7,96.16,54757,Residential
416237,1829,2,1,2012,1147,0,1.14,7,18.95,83300,Residential
345586,1229,1,3,2000,7431,1,1.51,8,67.64,46135,Residential
392310,1979,4,1,1985,1546,0,0.5,7,9.23,63371,Mixed
513789,2080,3,3,2015,9279,0,2.55,9,72.95,70331,Residential
449640,2342,1,2,1964,6717,1,2.71,9,34.73,61038,Mixed
479504,2327,4,2,1988,8259,2,3.61,6,68.11,67460,Mixed
284905,1111,1,1,2019,4408,0,6.17,7,37.29,67532,Residential
330718,1331,1,3,1950,10838,2,11.83,2,14.56,82104,Residential
457551,2058,3,2,1972,10125,1,0.74,9,40.61,38699,Residential
399265,2057,5,1,1988,8751,0,0.5,1,11.27,61556,Residential
419216,2058,5,1,2006,6611,1,0.5,1,57.69,88820,Residential
529110,3726,1,2,1983,8740,2,0.78,3,4.1,78437,Commercial
401950,2085,2,2,1990,4879,1,5.36,6,52.73,89069,Residential
433908,2368,4,1,1962,9567,1,6.5,5,88.64,81382,Residential
434621,2277,2,3,2019,11948,0,7.72,2,83.79,53747,Residential
437914,2126,2,3,1955,10212,1,1.4,9,88.28,79913,Mixed
429627,1642,1,3,2001,4811,1,1.83,10,92.2,71503,Residential
371766,2179,1,1,1952,8084,1,3.3,4,10.45,104021,Mixed
301499,1414,1,2,2012,3121,0,0.5,4,12.87,82032,Residential
365945,1682,1,1,1998,8717,2,4.72,5,55.7,77851,Residential
432692,1557,5,2,1996,8352,2,20.59,8,89.4,80041,Residential
412100,1841,1,3,2004,1391,1,2.24,10,97.43,77033,Residential
523824,2957,5,3,2013,3515,0,6.99,4,4.63,76627,Residential
354783,866,5,2,2014,6151,1,3.47,5,35.58,66006,Residential
413244,2143,1,2,2016,6097,2,0.68,4,21.29,78032,Residential
296838,994,3,1,1964,3372,0,4.36,6,75.6,84227,Residential
439076,1564,4,3,1981,8167,2,1.78,3,64.02,85905,Residential
463587,2344,2,1,2017,7754,2,0.5,8,11.99,84087,Commercial
429579,1832,5,1,1967,6417,0,5.04,6,48.35,92621,Residential
375775,1261,4,1,1992,4733,0,9.79,10,68.54,86843,Residential
401702,1442,3,3,1984,10146,1,2.11,5,77.9,79428,Mixed
384170,2140,2,1,2007,11966,1,2.47,2,2.01,52845,Mixed
346296,1435,2,1,1982,5549,2,11.08,10,89.05,52851,Mixed
429911,1908,5,1,1963,5163,0,8.4,10,56.93,66278,Residential
325539,1823,1,1,1983,8474,0,6.28,7,81.19,70701,Commercial
400493,1474,3,1,2010,5926,1,1.43,2,80.79,90970,Residential
455275,2872,5,1,1953,6582,2,12.05,1,18.99,30000,Residential
455320,2117,3,3,2008,9219,2,0.84,7,11.02,54502,Mixed
225300,787,1,1,1978,1272,1,4.93,5,72.13,67087,Residential
335590,1893,1,2,1955,10955,0,0.5,1,15.64,55047,Residential
351357,1469,5,1,1998,7218,1,5.16,4,84.99,58028,Residential
390114,2226,1,1,1989,5766,1,1.62,4,72.62,62513,Mixed
454288,1404,4,3,2014,6732,1,2.99,10,84.18,55813,Residential
425214,1743,2,3,2018,6887,1,2.12,7,29.9,58414,Residential
459843,2052,5,2,1976,1806,0,0.95,9,31.66,90448,Residential
417420,2233,3,2,1955,11485,1,4.86,2,67.12,79215,Residential
303193,1200,4,3,1962,7124,0,10.68,1,3.14,81459,Mixed
388538,1633,5,3,2013,8329,1,15.98,2,72.65,69488,Residential
369513,1563,1,1,2011,9855,2,1.07,7,83.58,85167,Residential
393625,1473,1,3,1968,3937,0,6.32,10,41.52,82717,Mixed
480945,2683,1,2,1992,8420,2,5.46,6,76.49,78978,Residential
351184,2002,1,1,1969,6197,1,2.1,4,17.46,60188,Residential
269045,1170,3,2,2017,9540,1,0.5,1,32.23,63369,Commercial
394551,2259,4,1,1993,1000,1,5.85,1,97.43,85872,Residential
455303,2861,2,3,1972,6703,0,14.55,5,98.63,62249,Residential
368445,2316,3,2,1951,5192,2,5,1,51.26,50672,Commercial
302835,1040,3,1,1971,8297,0,2.86,7,93.43,61960,Mixed
260879,1558,2,1,2006,8410,0,3.72,1,52.27,93391,Commercial
425482,2433,2,3,2021,4877,1,1.11,1,29.16,61974,Mixed
298934,1446,1,3,1956,4863,2,6.94,2,26.69,74915,Commercial
425544,2022,3,3,2005,6668,1,6.86,10,92.95,60765,Commercial
450574,2187,5,2,2016,4310,0,0.79,3,17.24,81451,Mixed
268776,1337,2,1,1965,9526,1,10.52,1,57.96,78052,Residential
453767,1770,2,3,2000,5892,2,1.57,9,55.55,47632,Residential
251010,500,4,2,2021,1000,1,20.16,10,73.96,74020,Commercial
355262,1288,5,2,1961,5876,2,2.41,8,49.92,44761,Residential
423093,1674,5,2,2002,3884,2,0.98,5,27.23,61689,Residential
322394,1176,2,3,1954,2106,1,2.17,2,16.94,69828,Residential
482189,2616,1,3,1976,3288,0,2.9,5,62.08,97703,Residential
347297,1085,4,1,1961,7328,1,0.5,6,71.9,74769,Residential
349766,1580,5,1,1966,10986,0,4.32,1,56.95,58494,Mixed
369189,1865,2,3,1955,7940,0,4.55,4,73.84,65242,Mixed
504012,2521,5,2,1954,5180,1,6.71,9,14.15,83863,Commercial
282130,1082,4,2,2006,8368,0,0.5,2,88.25,58697,Mixed
421440,2382,4,2,1977,5623,0,3.9,5,58.24,86455,Residential
338625,1805,3,1,2018,4916,1,0.5,1,12.68,62154,Residential
303792,1309,2,2,2008,3537,1,6.04,4,46.19,56270,Residential
371699,2031,4,1,1982,1745,1,0.5,4,84.48,62635,Residential
347125,1900,3,1,2011,5830,0,12.14,6,89.76,45756,Residential
398335,1500,3,2,1999,7474,2,6.05,10,26.46,37411,Residential
464417,1835,5,2,1968,6710,0,3.54,9,71.13,68762,Residential
422994,1607,5,3,2018,5752,2,2.91,3,10,68991,Residential
474134,1857,3,3,2015,4163,1,0.7,9,3.35,73847,Mixed
481986,2131,5,2,1996,8825,2,1.72,6,56.04,68688,Residential
462712,2593,4,1,1988,3049,1,10.16,7,69.48,104939,Residential
302043,1181,1,1,2017,9328,1,11.74,10,79.58,72526,Residential
442239,2867,4,1,1982,3993,2,0.5,2,34.02,49353,Residential
326675,824,3,1,1962,4743,1,4.51,10,0.65,53201,Residential
411186,1724,3,1,2003,2600,2,6.35,6,47.95,70005,Residential
459874,2094,4,3,1956,5496,1,4.82,6,1.59,63469,Residential
405516,1940,5,2,1963,9926,0,0.5,2,9.2,51573,Mixed
385524,1489,5,3,1968,8547,0,1.23,2,32.67,69117,Residential
335718,1696,3,1,2003,9935,1,1.44,2,43.72,69337,Mixed
385499,1553,2,1,1969,8566,1,8.91,10,27.95,93935,Mixed
350962,1505,5,1,1978,3689,2,3.11,1,58.19,56259,Residential
340970,2225,4,1,1973,6008,0,3.34,5,5.53,63734,Commercial
460054,1979,5,2,2012,4659,2,13.66,8,14.46,93889,Residential
302870,1454,4,1,2006,10992,1,5.07,2,69.53,74929,Residential
443328,2250,3,2,1957,3410,1,11.45,5,14.21,56171,Residential
431372,1954,5,1,2011,9681,2,3.05,8,63.98,59279,Commercial
509552,2206,4,2,1978,9679,1,0.81,10,5.47,51788,Residential
405551,2115,3,3,1966,12489,0,13.29,5,40.74,71159,Mixed
324674,1386,2,1,2015,5771,2,3.07,2,17.74,85467,Commercial
389344,1520,4,2,1955,9137,0,1,3,10.96,94464,Mixed
445333,2174,2,3,2007,13845,0,1.8,6,56.7,47706,Residential
423101,2105,2,1,2018,5147,0,0.5,5,92.83,83037,Mixed
356994,1790,1,1,1977,2395,2,3.16,4,5.48,72465,Residential
363031,1859,5,1,2011,1360,1,9.59,4,42.16,66071,Residential
413813,2439,4,2,1990,9138,0,13.56,5,70.75,63740,Commercial
265221,1504,2,2,2018,1351,0,13.49,2,46.27,41186,Commercial
442898,2074,1,3,1990,5883,0,0.67,9,80.65,79570,Residential
363427,1699,3,2,1998,8312,1,2.41,2,17.96,50217,Residential
477483,1691,4,2,1998,7556,1,0.5,10,95.96,58777,Residential
385316,2349,2,1,2020,8276,2,9.66,2,38.52,76270,Residential
420486,2213,5,1,1952,7667,1,2.22,10,34.16,42750,Residential
442547,2207,1,1,1959,10837,2,4.99,9,87.46,50188,Residential
396744,2453,2,1,1984,4143,2,6.27,3,56.39,88280,Residential
435035,1811,5,1,1951,4969,2,2.81,10,51.64,71831,Mixed
405792,2141,2,1,1973,4682,2,1.83,7,72.7,60067,Residential
348258,1645,4,1,1987,9491,2,16.38,4,57.98,71890,Commercial
447204,1962,4,3,1971,9701,0,16.69,6,16.25,80042,Mixed
403756,1735,4,3,1975,8354,1,1.71,4,67.42,86872,Residential
459636,1848,1,3,1992,10550,0,3.27,10,13.35,53313,Residential
468444,2098,4,3,2004,3466,2,18.03,7,80.59,54627,Residential
318796,1391,5,1,1988,12002,1,0.5,1,98.97,79125,Commercial
517028,2846,2,3,1978,11570,0,2.66,3,37.74,79606,Residential
321968,1297,3,1,1969,9207,0,0.53,3,44.48,49840,Residential
373931,1193,5,3,1990,12345,2,3.56,1,4.64,55190,Residential
497122,2379,5,2,2003,2030,0,0.5,6,1.37,67094,Residential
495828,2196,4,3,1969,5427,0,2.61,9,92.14,70354,Residential
398327,2112,1,3,1968,4794,0,1.25,8,12.86,70779,Mixed
398351,2114,2,1,2015,9164,0,3.81,7,44.58,49610,Residential
319761,1794,1,3,1979,3850,0,25,10,81.54,70627,Mixed
377199,1351,2,2,2002,9272,2,8.06,8,88.93,59239,Mixed
361955,1838,2,1,1983,11112,2,9.34,6,51.94,52505,Residential
338007,1461,1,1,1971,9086,0,5.04,9,56.5,69835,Residential
472873,2288,5,3,2016,7851,2,0.5,3,66.97,68305,Commercial
381821,1726,2,1,1955,4036,2,1.16,10,96.14,82025,Mixed
314934,1387,1,1,1976,4459,1,12.96,10,60.27,57085,Residential
348417,1639,2,1,1959,10749,0,2.28,9,55.95,73528,Mixed
411761,2006,3,1,1997,9338,2,0.55,4,1.45,46470,Residential
414291,1518,5,1,2019,6883,2,6.06,7,8.09,65877,Residential
379329,1389,4,1,2008,5746,0,1.78,9,57.72,76955,Residential
379777,1922,2,2,2008,1000,1,1.57,2,93.62,78220,Residential
318017,1922,3,3,1951,3787,0,25,2,86.67,78323,Residential
441746,1547,4,2,1978,12734,1,9.76,9,98.26,82066,Residential
360813,1564,4,1,2017,3159,0,2.62,3,52.78,63313,Residential
339464,1916,2,1,2014,7568,0,19.63,9,78.79,77436,Residential
313628,1076,1,3,1975,10022,0,5.25,5,84.04,98031,Mixed
261390,1096,2,2,1959,3235,0,6.77,6,64.8,62993,Mixed
390449,1441,3,3,2002,7554,1,0.5,2,33.87,90703,Residential
439778,1693,4,2,2008,9814,1,0.65,8,47,83147,Residential
362225,1955,2,1,1971,7037,2,5.01,9,85.79,66005,Residential
430138,2538,1,3,2000,15605,0,11.46,2,29.85,67257,Residential
412881,2229,2,3,1997,1994,1,4.89,6,92.37,71776,Residential
437818,1720,5,1,1970,10176,1,0.72,6,22.98,82302,Residential
407459,1790,1,3,1971,6482,1,0.62,8,74.95,76040,Mixed
339457,1299,3,2,1979,9316,0,9.3,10,63.06,62875,Mixed
446188,1791,4,2,1974,8324,2,0.75,5,74.96,38769,Residential
348596,1656,2,2,1977,4801,1,3.67,9,43.73,80083,Commercial
326383,1961,1,2,2014,7687,0,0.5,1,93.26,41013,Residential
367820,1386,5,1,1994,1426,1,0.5,9,63.25,49510,Residential
475776,2060,1,3,2017,8810,1,5.58,10,28.83,63963,Commercial
535242,2566,5,2,1956,7894,2,5.84,7,63.85,51789,Residential
355717,1746,3,1,1998,8916,1,2.09,4,28.68,74763,Residential
417506,2001,4,3,1958,10174,1,1.21,3,29.36,65557,Mixed
436620,2145,3,3,1985,8103,0,8.4,10,39.96,81778,Commercial
299325,1599,2,1,1950,7444,0,1.22,6,85.24,45884,Mixed
291252,1912,1,1,1959,4357,2,3.9,1,50.03,60072,Mixed
342056,1806,5,2,1985,4863,0,17.24,3,67.89,70063,Mixed
459203,1849,5,3,1995,10560,0,0.8,2,39.2,70641,Residential
421533,1413,1,3,1981,11309,2,14.14,9,26.36,80411,Residential
292989,1812,1,1,1981,6286,1,1.01,3,95.46,56281,Residential
379628,2049,2,3,1955,7138,2,4.19,2,60.36,62980,Residential
456968,2526,3,2,1997,4286,0,2.37,4,93.4,77610,Residential
415198,2280,5,3,1987,10518,2,16.75,2,20.34,37022,Residential
458097,2877,2,1,1966,8996,1,1.6,1,14.69,75774,Residential
378105,1416,3,1,1976,12824,2,2.55,6,85.58,81459,Residential
409026,2236,2,2,2003,4365,0,20.33,10,68.09,49995,Mixed
469604,1892,5,2,1999,5866,0,3.84,8,18.66,65275,Residential
556004,2895,1,3,1984,7694,2,3.49,10,26.94,92390,Residential
360170,1396,1,3,1974,8939,1,1.49,10,80.07,79897,Commercial
265621,1380,3,1,1977,6353,2,6.04,2,45.39,76705,Commercial
428260,1500,4,2,1964,4381,1,0.5,9,67.05,84864,Residential
329556,738,3,2,1953,9644,1,0.5,3,31.84,97068,Residential
432982,1537,4,2,1976,9163,2,4.57,8,38.12,70278,Residential
361326,1420,2,3,1975,4251,1,2.09,8,99.07,63892,Residential
370972,1875,2,2,1968,11066,0,15.32,3,24.76,84828,Residential
446644,1971,5,1,1966,10511,2,11.68,3,50.65,67188,Residential
484293,2738,4,1,1992,7403,1,6.25,6,84.44,56080,Residential
457727,2275,5,3,1990,7239,0,8.52,1,23.92,61899,Residential
380683,1512,1,3,1991,8662,2,5.5,4,41.52,74685,Residential
288361,1351,4,2,1999,4415,0,0.67,1,61.51,63256,Mixed
390542,2046,3,3,1989,7090,0,7.25,3,48.12,64375,Mixed
287167,1140,1,1,1988,1000,0,1.18,9,45.95,54590,Residential
496345,2716,1,2,1972,9629,1,1.95,5,36.25,91530,Residential
444828,2390,3,1,2001,2316,2,8.55,5,58.66,64861,Residential
348156,1565,1,2,1996,11510,2,3.85,4,62.44,59327,Residential
305705,943,4,3,2012,6010,1,9.83,3,65.33,60923,Residential
503926,2477,5,2,2018,6365,2,1.2,5,7.04,82038,Residential
344619,1743,1,2,1992,5117,0,4.68,4,63.1,78598,Residential
469425,2419,4,1,1997,6136,2,0.5,8,95.32,62472,Residential
257437,1003,2,1,1983,11256,1,5.15,4,54.1,70485,Residential
398955,1500,4,2,1989,1000,0,7.19,8,71.53,74151,Residential
479940,1803,5,3,2010,10831,1,4.4,6,55.67,59439,Residential
410179,1823,4,3,1999,8014,0,1.55,5,85.47,46891,Residential
315405,1575,3,1,2016,3379,0,0.5,4,92.96,77726,Residential
478847,2111,5,3,2011,3774,2,0.64,4,18.42,60269,Residential
329422,1266,2,1,2007,12029,0,4.87,4,43.69,76605,Residential
428985,1729,3,3,1982,4163,1,13.62,9,39.24,74815,Residential
411211,1860,4,2,1965,3540,2,1.16,4,40.52,70837,Residential
474707,2057,5,1,1997,10412,1,6.64,9,12.55,63608,Residential
356015,2156,2,1,1959,8016,0,10.07,10,81.36,60491,Residential
306086,1238,3,2,1987,4186,1,3.68,6,3.58,52924,Residential
354106,1033,2,1,1968,7650,1,5.53,10,52.82,60779,Residential
469733,2439,4,3,1985,3923,0,8.44,7,66.19,78532,Commercial
495462,1966,2,3,2008,10302,2,1.51,10,20.75,90967,Mixed
297776,1426,1,1,2012,10184,1,1.76,3,90.59,88766,Mixed
484185,2576,3,3,1995,8596,0,0.5,8,83.85,72181,Residential
345591,1858,2,1,1952,8085,2,16.5,3,47.11,90959,Mixed
423535,2390,4,2,2014,12284,2,12.48,1,41.11,65398,Residential
440965,1834,4,1,1957,6999,2,7.23,10,23.66,50634,Residential
507816,2830,2,2,2000,3454,1,0.5,5,73,98813,Residential
494093,2678,4,3,1955,8348,1,2.97,2,13.17,77992,Mixed
434734,1676,5,2,1988,13258,1,0.54,10,68.02,46981,Residential
496425,2286,5,3,2009,3956,2,0.5,6,84.25,93386,Mixed
483326,2123,5,1,1977,5916,1,4.79,10,22.85,58849,Residential
446919,2484,1,3,2003,8249,0,16.2,9,86.64,62112,Residential
283002,1318,2,1,1986,6838,1,11.66,1,3.33,85321,Residential
365945,2143,1,1,1958,4053,1,5.97,4,91.28,90426,Residential
426491,2329,4,2,2005,10366,2,0.51,1,11.84,54989,Residential
301218,921,1,2,2008,13960,1,1.6,1,64.58,92065,Residential
369535,1208,4,2,1951,7588,0,1.93,8,25.01,83114,Residential
304530,780,4,2,2010,4288,2,7.2,2,83.66,58004,Residential
311043,1665,3,3,2007,2353,0,8.1,1,51.23,66311,Residential
551606,2159,5,3,2009,7774,2,2.43,8,13.52,92742,Mixed
518989,2551,4,3,1989,10312,2,2.71,4,57.1,46592,Residential
360468,1837,3,1,1985,8426,1,0.5,3,40.79,90711,Residential
509188,2614,5,3,1986,6993,0,1.71,4,66.14,82696,Residential
344831,1110,4,3,1967,5232,2,3,5,88.19,77637,Residential
338925,948,4,3,2012,3724,1,0.62,1,40.94,71975,Mixed
361788,1772,1,2,1971,9504,2,3.02,1,28.99,99552,Mixed
442805,1992,1,3,1960,9741,2,9.59,3,1.45,101769,Residential
422474,1784,5,1,2007,2363,2,4.35,6,57.48,60772,Residential
322423,766,4,2,2006,11770,2,0.5,1,40.23,79183,Mixed
376273,1755,2,1,1953,8722,2,1.06,2,37.46,98116,Mixed
351273,1148,1,3,1956,11199,2,3.22,7,18.29,58224,Mixed
422275,2135,5,2,2010,2974,1,2.24,1,43.01,73647,Mixed
428864,1983,4,1,2003,2903,2,2.22,7,98.44,85058,Residential
366256,1330,4,3,2017,6553,0,3.77,4,29.78,39777,Residential
389646,1543,2,1,1950,8508,1,4.39,10,59.97,82428,Residential
329285,1270,5,1,2004,12389,0,7.97,6,77.65,53674,Residential
432834,1769,4,1,1952,9118,2,2.08,8,74.92,72885,Residential
466660,2278,1,3,1987,6272,0,8.19,9,32.88,87165,Residential
317625,1307,2,3,1950,3921,2,2.07,6,61.09,34162,Residential
502027,2052,5,1,1987,10690,2,0.5,9,87.13,81788,Residential
371165,1535,2,2,1978,4106,1,4.04,4,1.54,100575,Residential
320978,1404,1,2,1954,11885,1,4.43,6,43.57,62000,Residential
460578,1746,5,3,1970,6147,2,13.63,8,22.43,78650,Residential
388119,1282,2,3,2020,11772,1,6.47,9,38.86,90029,Mixed
341531,1523,3,3,2016,9037,0,12.49,3,41.6,46106,Mixed
285705,1201,1,3,1996,6589,1,11.95,2,74.67,81361,Residential
476605,2782,1,3,1984,5442,1,4.64,6,9.38,85356,Residential
363628,1818,1,2,2017,5977,0,3.75,4,51.26,79579,Residential
354563,1450,3,3,2018,8285,1,4.08,1,56.42,71299,Residential
381373,1907,3,1,1950,7231,2,19.16,8,49.42,54994,Residential
432561,1744,4,1,2017,5219,0,7.42,9,73.19,90871,Residential
398405,1690,2,2,1961,6503,2,0.56,9,38.38,70518,Mixed
358358,2107,4,1,2009,7236,0,7.54,2,94.5,56442,Residential
424614,2179,2,2,1976,1000,2,0.93,9,48.18,65230,Residential
394582,1535,3,2,2005,8375,2,2.97,7,57.12,75526,Residential
324662,1512,3,1,1972,4061,1,1.18,5,82.55,46582,Residential
411379,1662,4,3,1974,3540,2,5.85,7,27.52,70269,Residential
311217,649,5,1,1970,1938,1,10.49,9,7.52,63747,Mixed
348888,1042,4,1,2010,1618,0,1.72,8,70.78,90040,Residential
465364,2483,2,2,2012,2934,2,0.5,6,48.3,41877,Residential
484603,2622,4,1,2001,4873,2,1.77,4,89.65,84081,Residential
323585,1675,1,2,1974,12860,0,5.58,1,98.27,91256,Residential
440480,2088,2,3,2004,5422,0,1.99,6,39.91,42444,Residential
428681,1956,2,3,1995,7533,2,1.63,3,41.54,44242,Residential
618450,3339,5,3,1981,8201,0,1.02,6,40.8,96789,Residential
444954,2360,3,1,2004,7393,1,3.44,6,32.46,56434,Residential
367356,1736,2,2,1954,6768,0,1.61,4,78.17,116422,Mixed
303452,1322,3,3,1985,3414,0,6.57,2,75.9,42912,Residential
414406,997,4,2,1998,11353,2,0.5,9,47.86,72551,Residential
400149,1902,1,2,2007,12422,1,5.45,2,4.47,69649,Residential
394649,1422,5,3,1988,1952,0,1.36,3,30.96,66877,Residential
382242,1089,3,3,2010,3928,1,3.36,10,29.23,76944,Residential
324351,1477,2,2,1958,6161,1,1.68,1,81.11,77810,Residential
376611,1259,3,3,1955,4106,1,6.41,7,8.76,67485,Residential
388848,2644,2,2,1984,8518,2,14.53,1,80.57,54787,Residential
454108,2241,3,2,1988,4815,0,12.45,9,66.92,85716,Residential
375776,1796,2,3,1971,13495,2,4.38,1,73.24,79421,Residential
484629,2540,4,1,1990,10572,0,3.11,5,43.22,71719,Residential
375491,1839,2,3,1954,7638,0,8.53,7,67.97,78946,Commercial
315430,1369,2,1,1991,10081,2,5.75,3,60.9,81534,Mixed
488976,2562,1,2,2016,10318,1,1.01,9,76.9,58574,Residential
382111,2069,2,2,1979,5308,1,8.6,8,44.68,78410,Residential
219273,1281,1,1,2006,4551,0,2.8,3,47.28,61704,Commercial
436044,1705,5,2,1978,7234,2,1.05,5,64.36,82031,Residential
368442,1362,1,1,1986,9585,1,1.66,7,10.81,67114,Residential
324251,1109,4,1,1962,7417,1,1.56,4,43.62,79176,Mixed
421847,2263,1,2,1981,2269,0,3.66,5,97.2,63493,Residential
490806,2755,5,1,1995,4592,0,1.34,3,3.76,79956,Mixed
376312,1101,4,3,1972,6778,2,0.66,9,31.6,55318,Commercial
520749,2081,3,3,1994,6773,0,0.66,10,31.41,70543,Residential
372604,1475,3,2,1966,12918,1,4.38,9,63.35,84709,Commercial
348876,1556,1,2,2015,2842,1,6.64,7,10.58,77008,Residential
363411,1504,1,1,1955,8517,1,1.94,10,62.85,72880,Residential
386328,1368,5,1,1967,11467,1,0.5,2,9.5,97053,Mixed
451406,1824,5,1,1971,13814,2,0.68,7,9.5,85355,Residential
328997,1385,2,1,1982,5787,2,12.31,7,72.82,82833,Mixed
451418,1935,5,3,1979,8474,0,3.4,5,32.41,79870,Mixed
423046,1775,2,3,1981,8709,0,3.02,9,97.74,81740,Mixed
385834,1681,4,2,1991,7586,0,0.5,3,3.74,94857,Commercial
281153,1346,1,1,1959,6703,2,6.52,4,44.51,63735,Residential
349321,1512,4,1,1985,8308,1,3.75,1,11.31,85141,Residential
431329,2178,5,2,1983,1000,0,1.13,6,35.14,75347,Commercial
410195,2050,4,1,1977,9046,1,0.58,4,99.82,64253,Residential
275099,1311,4,1,1960,7379,0,2.42,1,88.88,68504,Residential
351113,1850,4,1,1988,6333,0,9.07,2,4.83,73287,Residential
392428,2176,5,1,1996,13141,0,10.02,3,56.33,57101,Mixed
324607,965,4,1,1968,4975,0,4.62,9,64.78,82960,Mixed
387928,2072,2,2,1964,5791,0,6.5,8,20.95,68457,Residential
412894,1469,5,1,1977,12975,1,0.61,7,14.51,71274,Residential
404425,2085,4,2,1973,4504,0,4.44,4,90.44,90358,Residential
327186,1418,5,1,2021,5350,1,5.5,1,96.88,71946,Residential
350198,898,3,3,1958,6559,2,1.12,8,99.19,93290,Residential
289747,986,2,3,1996,9522,0,10.61,4,78.98,62128,Residential
413488,1824,4,3,1982,7623,1,1.08,3,66.35,53544,Residential
496811,1930,3,3,2011,3122,2,1.88,9,34.57,65650,Residential
389183,1348,3,2,1968,5403,2,4.85,10,17.14,30000,Residential
451656,2119,5,2,2016,5178,2,5.09,4,7.9,83586,Residential
243295,969,3,1,1989,6768,1,6.01,4,69.33,54417,Mixed
423038,1767,2,3,1996,8278,0,0.59,9,78.47,60735,Residential
284746,1194,2,2,2014,8255,0,9.47,2,82.65,80744,Residential
282385,1474,1,1,1978,1672,1,3.81,5,91.38,71787,Residential
374967,1824,2,1,1999,10192,0,3.19,4,87.99,63392,Residential
335035,1370,3,2,1962,7758,1,19.84,9,99.97,39452,Residential
346026,1608,2,3,1950,11154,0,6.74,5,24.41,89512,Residential
518609,2303,5,1,1983,8333,2,0.63,9,76.33,80846,Residential
396224,1512,1,3,1997,10304,0,7.06,9,58.65,100836,Residential
446813,2218,3,3,1997,8400,1,0.5,2,26.12,61054,Commercial
331679,1235,1,3,1998,11039,1,0.5,9,98.19,48183,Residential
454879,2065,3,1,2013,8567,2,2.58,3,89.79,84921,Residential
427198,2521,5,3,2010,6706,1,25,4,12.85,67179,Commercial
221299,564,1,1,1978,13817,0,0.96,1,2.62,79423,Residential
339753,1402,4,3,1988,9667,0,5.58,1,68.83,94299,Mixed
376760,2089,3,1,1975,8721,2,0.95,1,60.41,75822,Mixed
397427,1698,4,3,1966,3171,1,6.45,9,93.58,72509,Residential
448844,1986,1,2,2020,3135,2,3.52,8,23.4,73450,Mixed
345016,1498,4,3,1962,7878,0,5.7,5,8.44,45441,Commercial
465543,1843,4,3,2018,7437,2,1.13,5,25.92,86621,Mixed
425402,1722,1,1,1975,5158,1,6.84,9,1.89,87581,Residential
446274,2384,5,1,1998,7423,2,25,3,3.59,77959,Residential
400845,1927,4,3,2016,11766,1,5.48,3,91.49,47269,Mixed
433053,1969,4,2,1956,9086,1,3.4,7,35.2,68183,Residential
427963,1594,5,2,2007,3577,0,12.83,9,41.08,91578,Residential
400972,1556,4,1,1998,6665,0,0.5,6,1.84,61514,Residential
402407,1584,4,2,2002,4585,0,6.55,2,27.05,87764,Residential
373785,1997,4,3,2014,5837,1,10.98,1,80.47,70826,Residential
331614,1590,2,1,2011,5759,2,0.5,2,61.55,80688,Commercial
426152,1945,5,3,1966,5567,1,2.99,1,75.38,63818,Mixed
517657,2838,4,1,1992,3235,0,1.15,10,44.72,71266,Residential
468509,2236,5,1,1974,6617,0,4.18,10,30.97,76551,Mixed
339183,1637,3,1,1952,5318,2,5.24,9,48.28,53751,Mixed
459430,2401,3,1,1978,1000,0,1.8,10,32.31,74109,Residential
396195,1596,4,2,1981,13159,0,3.08,8,83.9,30000,Residential
382716,781,5,3,1975,10266,0,1.64,7,29.77,60977,Mixed
424150,1296,5,3,1965,5871,2,2.31,3,65.98,78158,Residential
349549,865,5,3,1974,7056,1,0.87,8,13.7,86804,Commercial
294821,1624,2,1,2003,3485,0,10.84,2,68.69,77091,Commercial
342621,1809,3,2,1977,12087,2,0.5,2,91.33,49145,Residential
554879,2638,5,3,2005,12692,0,10.7,10,60.86,85493,Residential
432776,1963,5,2,2014,7470,2,4.24,3,55.99,52913,Residential
370934,1690,2,1,1990,10071,0,2.01,7,96.11,79213,Residential
414398,2215,2,3,2000,7526,2,6.42,1,62.74,53412,Residential
334792,694,5,2,2020,2990,0,3.54,8,25.96,58402,Mixed
367906,1918,1,1,1978,5765,1,3.46,7,29.24,55655,Residential
460106,2185,5,2,1968,7396,0,0.58,4,70.53,72084,Mixed
403918,1061,5,3,2015,5636,2,2.47,5,73.54,67067,Residential
470611,2372,2,3,1990,6344,0,1.38,10,30.35,77634,Commercial
380165,1969,2,1,1994,6726,1,0.5,1,34.53,69720,Residential
378555,1592,5,1,1964,6757,0,2.23,4,99.11,47232,Mixed
384689,2116,5,1,1952,7157,2,0.5,1,10.2,74137,Commercial
537149,2935,5,2,1960,3818,2,1.48,1,40.46,43568,Residential
424569,1891,2,2,2002,4849,1,0.5,10,6.24,56742,Mixed
444756,1924,5,2,1995,3146,2,0.53,1,82.11,64541,Residential
396244,1570,5,1,1979,9933,0,1.11,7,9.23,63502,Residential
342185,1375,4,3,2006,1000,0,25,7,67.4,45289,Residential
434205,2215,1,3,1967,10461,0,0.5,4,5.65,90567,Mixed
323807,1372,3,2,2000,11159,2,5.09,2,67.29,94720,Residential
405646,1836,1,2,1997,6093,0,0.76,3,84.3,103762,Residential
385569,1561,4,3,2015,1000,0,12.67,8,39.88,87215,Mixed
397273,2039,3,3,1957,5916,0,0.5,8,52.21,64068,Commercial
406898,1967,5,2,1971,6807,1,15.51,6,40.15,63810,Residential
552035,2319,4,2,1955,3968,2,4.72,10,30.05,62982,Residential
462383,1545,5,3,2006,5454,2,0.5,9,80.33,99785,Residential
358996,1665,2,1,1985,11591,2,11.22,9,27.2,68267,Commercial
340132,1311,4,2,2006,8995,1,3.69,4,72.29,89038,Mixed
361893,1578,2,3,1998,4226,2,1.52,1,20.62,87872,Residential
382988,1989,4,3,1994,2207,1,7.29,1,24.99,72843,Residential
495806,2178,4,3,2015,6019,1,13.06,10,33.65,48225,Residential
336056,1339,2,3,1994,6360,2,3.31,5,58.92,68591,Commercial
370960,2235,3,1,1969,8489,0,1.9,2,45.44,72204,Residential
473873,2478,1,3,2013,5394,0,7.78,6,74.51,89169,Residential
508810,2007,5,2,2016,8534,2,5.73,7,21.36,70292,Residential
456464,2738,4,1,1952,12805,2,10.98,1,1.07,51871,Residential
448330,1413,5,3,2003,9447,1,5.9,6,77.66,84819,Residential
335742,1178,2,1,2013,6856,2,1.4,8,82.16,66587,Residential
303468,911,5,2,1989,6451,1,13.42,5,5.95,31821,Mixed
512429,2548,2,3,2008,5930,2,0.55,7,61.09,74875,Residential
485277,2127,5,2,2004,10542,0,1.56,10,37.82,77512,Residential
372603,1772,1,3,2011,5118,0,3.67,6,79.39,57356,Mixed
389820,1940,1,3,1953,7136,2,4.17,4,87.44,67119,Residential
362615,1237,1,3,2009,7154,1,0.5,7,85.1,79866,Residential
533092,3023,1,3,1979,5495,0,7.58,10,77.72,74977,Residential
407012,1865,1,3,1951,2883,1,2.24,9,26.91,46560,Commercial
416679,1855,1,1,2011,7969,2,2.61,10,81.19,88803,Residential
466581,2163,2,3,1998,6817,2,8.29,10,53.35,95595,Mixed
462804,2041,4,3,1958,8501,0,2.38,7,5.28,62347,Residential
419243,1912,5,1,1980,5399,2,0.5,5,45.69,41352,Residential
323055,1405,1,1,2010,10662,0,0.97,7,94.22,81567,Commercial
321939,2036,2,1,1997,4370,1,15.61,3,88.79,59904,Mixed
426662,2741,2,1,1974,12136,0,0.5,2,10.23,78032,Residential
436070,2473,2,1,1985,1757,0,2.19,5,74.41,103033,Mixed
456061,2597,4,1,1957,8304,1,3.5,4,80.58,46805,Residential
424821,1544,5,3,2007,8426,0,3.4,5,27.14,58051,Residential
424864,1305,4,3,1994,4613,0,0.5,8,47.16,67083,Residential
433907,1737,3,2,2011,8273,2,3.48,4,71.1,89375,Residential
470130,1828,2,3,1988,10839,1,2.42,9,43.9,123334,Residential
434574,2347,3,3,2007,1000,0,17.89,7,11.28,73706,Residential
306675,954,1,1,2013,8508,1,0.87,10,70.59,45517,Residential
439721,2565,1,1,1993,1000,1,2.19,7,91.16,64817,Residential
416288,1721,4,3,1978,4103,0,2.72,8,65.25,58377,Mixed
414262,1587,5,2,2008,11887,2,2.48,6,77.38,80824,Mixed
335888,1294,3,1,2020,5255,1,5.48,8,35.84,75653,Commercial
292093,973,5,3,1958,3478,0,1.21,3,18.32,54373,Residential
496949,2212,4,3,1955,6406,1,1.25,10,64.28,57498,Residential
411709,1837,1,2,1978,13204,2,6.53,10,32.78,64599,Commercial
341700,1155,5,2,2007,1505,2,3.47,1,86.01,66410,Mixed
287545,1152,5,1,1966,3846,2,2.68,6,12.26,69367,Residential
306878,1632,1,2,1965,11492,0,0.93,1,43.35,70733,Mixed
544027,2635,3,3,1952,12573,0,1.04,9,39.67,88523,Mixed
320951,1670,1,3,1970,6690,2,0.5,2,93.81,64057,Mixed
327239,1048,5,2,2013,3283,0,0.5,2,15.31,61846,Residential
446288,1677,3,2,1985,13288,2,4.07,7,0.98,49918,Residential
342809,1664,3,2,2011,11783,0,11.12,2,23.81,66642,Residential
327513,500,1,2,1991,9037,2,1.69,10,82.03,73843,Residential
411925,1773,5,1,1991,4563,1,1.99,8,20.93,44139,Residential
467409,1685,4,2,2010,6853,2,0.61,6,24.09,64864,Residential
453214,2148,5,1,1962,6519,2,2.46,7,12.99,87404,Commercial
488574,2724,2,3,1960,7993,0,0.5,7,71.54,79725,Residential
499137,2363,4,2,2003,11353,0,12.48,6,6.92,75601,Residential
373842,1666,3,1,1965,9638,0,5.59,10,33.12,79318,Residential
303416,1247,4,2,1957,3768,0,23.42,9,28.25,61394,Residential
539755,3087,3,3,2008,11129,0,10.72,9,55.52,59396,Commercial
444611,1830,3,3,2006,7939,0,3.2,7,73.04,89079,Residential
453258,1807,4,3,1989,9061,1,3.67,9,53.29,82430,Commercial
447466,1788,3,2,2008,11400,2,1.06,10,93.1,58806,Residential
343245,1899,3,2,1951,3665,2,3.1,3,95.14,41819,Residential
278338,1728,2,1,1959,6893,2,11.67,3,36.15,59117,Commercial
422406,1513,5,3,1993,5406,1,0.5,1,77.77,78153,Residential
346151,1527,5,2,1960,2296,2,9.96,5,73.88,60126,Residential
418416,1784,2,3,1951,8040,1,2.08,4,89.3,74951,Residential
398016,1528,4,3,1999,14535,1,11.49,2,44.79,91297,Residential
291682,1444,1,1,1961,1480,1,14.14,9,53.05,68605,Residential
294183,1853,1,1,1972,6903,2,5.56,3,41.58,73509,Mixed
315200,1673,1,1,1967,8922,1,5.46,8,85.04,80274,Residential
448590,2552,2,1,2011,7369,2,3.01,6,22.97,53769,Mixed
268994,500,2,3,2011,6661,2,9.03,5,23.97,58404,Residential
366328,2346,3,1,1987,3102,0,16.3,1,37.26,80892,Residential
435455,2423,1,1,2016,7698,0,7.46,4,23.03,70555,Residential
280211,763,4,1,1987,4730,1,4.86,3,56.1,71826,Residential
348884,1629,4,1,2016,1000,1,4.67,1,13.45,70499,Residential
415304,1614,1,3,2010,10584,2,9.47,5,32.02,84674,Residential
279110,1096,1,1,1950,9875,1,3.9,6,91.34,76536,Residential
326256,1411,1,3,1994,7155,1,8.14,2,40.92,76732,Commercial
313374,1245,2,2,1977,7687,2,3.56,3,74.82,88333,Residential
495922,2676,2,3,1970,10223,1,0.5,6,11.35,94099,Mixed
423107,2268,2,3,1962,7673,1,2.42,4,24.76,103654,Residential
506401,2436,5,1,1976,9712,2,2.94,9,80.73,61315,Residential
447104,2161,4,2,1956,6108,2,0.76,5,76.3,107041,Residential
319375,1235,4,2,1971,10936,0,0.54,4,38.62,53548,Residential
382246,1538,3,2,2002,7962,2,3.83,2,95.44,99029,Mixed
359482,2045,2,2,1953,7582,0,0.5,6,91.06,60491,Residential
416475,1189,5,3,1972,3190,1,1.8,10,96.23,68966,Residential
455396,2156,5,2,2019,7861,2,6.82,2,42.79,70279,Residential
413427,1680,4,3,1982,4504,2,16.68,7,19.75,56995,Residential
394369,1613,2,3,1977,5085,2,6.33,3,62.67,71301,Residential
387183,2155,3,3,1957,4554,1,24.55,9,68.48,57770,Mixed
402263,2022,2,2,1950,3801,0,5.99,5,12.54,51476,Residential
319641,1620,1,1,1986,13374,1,1.74,8,78.65,69419,Mixed
465099,2380,2,1,2012,10994,1,5.57,6,1.81,93848,Mixed
392616,1259,1,2,1971,12761,2,6.06,10,48.27,66190,Residential
332440,2108,1,1,2019,3331,0,2.32,8,33.1,84115,Residential
385769,2097,3,1,1970,7214,1,0.5,3,74.03,57315,Residential
393402,1645,4,3,1984,3119,2,6.07,3,31.28,50748,Residential
415331,1963,2,3,1954,4913,1,0.5,5,82.68,76808,Residential
382944,1174,1,2,2009,4246,1,4.99,10,59.5,96334,Mixed
421363,2262,2,2,1995,10719,2,0.89,3,79.39,73134,Residential
393872,1708,4,1,1999,5811,2,4.17,8,98.93,82400,Residential
457122,1539,4,3,1997,10205,0,3.51,10,67.92,92427,Residential
520832,2325,5,2,1955,8812,1,0.5,8,98.5,69452,Residential
395370,1448,4,2,2005,13911,2,2.25,2,2.88,67719,Mixed
337196,1096,3,2,2008,2562,2,4.6,4,33.81,77081,Residential
319670,1022,1,2,1978,10778,0,9.44,10,10.79,79750,Residential
370045,2103,5,2,2020,10439,0,10.98,1,26.23,49015,Residential
326489,1160,3,2,1967,4080,2,3.31,4,83.89,74436,Mixed
445633,2677,2,1,1951,10021,0,6.52,4,3.23,69990,Residential
303489,759,1,3,1957,8008,2,1.9,10,52.02,58157,Mixed
549203,2648,4,3,2003,6318,1,2.09,9,56.71,68953,Residential
327213,1906,1,2,1987,4528,0,1.08,3,56.12,52520,Residential
382135,1752,2,3,1997,4843,1,4.13,2,47.53,47336,Residential
453329,1528,5,3,1976,13149,1,1.89,9,79.06,71003,Residential
516419,2000,5,3,1969,7002,1,0.5,9,13.35,83531,Residential
411167,1781,5,2,1961,9346,2,5.78,1,31.06,64791,Residential
467749,2352,4,2,1992,4627,1,6.15,6,61.57,55589,Residential
474930,1857,3,3,2010,4660,1,2.23,10,69.1,57921,Residential
472565,1875,3,3,1980,10246,1,0.5,8,40.41,78234,Residential
358641,1618,1,2,2010,2951,2,2.78,3,87.54,95011,Residential
414906,1772,4,1,2016,5754,1,2.92,9,41.55,81557,Commercial
457594,1954,5,3,1984,7102,1,5.52,2,40.28,89512,Residential
332805,945,5,1,1964,7334,0,1.89,6,3.62,54286,Residential
277768,1126,2,3,1965,6463,2,5.74,1,55.11,68891,Residential
358320,2172,2,1,1962,8187,1,10.26,7,70.87,85280,Commercial
384522,1885,5,1,1984,9079,0,1.36,3,11.44,49012,Mixed
406154,1708,5,1,2008,9204,2,19.3,7,30.54,60124,Residential
445670,1809,4,2,1970,4043,2,2.44,4,78.13,84130,Residential
427369,1974,3,1,2003,6148,2,1.55,9,36.59,73876,Mixed
359649,1530,2,1,1979,10584,2,2.74,5,24.16,55523,Mixed
323807,1411,3,1,1997,9684,2,0.5,3,67.22,45538,Residential
513540,1898,4,3,1984,2881,2,0.67,8,19.68,90060,Mixed
388907,1311,5,1,1987,8054,1,2.68,6,89.57,39199,Residential
345114,2004,3,3,1980,1065,1,7.19,2,10.56,79486,Commercial
271405,949,5,1,1973,7141,1,11.53,3,70.65,62004,Residential
454491,2315,5,1,1998,12693,1,5.47,8,49.95,85706,Residential
377163,2036,1,2,1981,4156,0,0.56,10,86.99,54368,Residential
430749,1928,3,3,2004,4497,1,5.57,7,12.62,109222,Mixed
487900,2291,3,1,2007,9292,2,5.05,10,67.79,76034,Mixed
524899,2633,5,3,1952,2372,1,8.19,6,57.21,78506,Residential
458991,2307,4,3,2018,5102,1,8.72,1,48.01,58404,Residential
310239,880,1,2,1959,8789,2,10.13,9,49.14,67999,Residential
351040,1160,5,2,1974,5097,1,2.67,3,72.2,68388,Residential
363689,1488,2,2,2017,6292,1,5.98,5,93.77,96941,Residential
427211,1813,2,2,2010,9233,1,1.56,7,9.13,76009,Residential
372661,2059,1,2,1978,8265,0,25,7,1.95,78157,Mixed
363930,1437,4,2,1968,7800,1,0.96,3,80.57,77990,Residential
473117,1893,5,2,1992,5983,2,0.5,4,10.82,79429,Residential
363522,1422,3,2,2015,8110,2,0.81,10,98.67,49158,Residential
322554,1494,1,1,2010,6629,1,7.48,7,61.93,100739,Residential
394833,1097,4,3,1992,8373,1,2.96,8,65.09,56838,Mixed
318651,1338,3,2,1974,5509,1,2.97,2,19.89,69424,Residential
313197,1124,2,2,1969,6452,2,15.51,9,24.03,92972,Residential
383385,1312,2,3,1997,4030,2,12.61,7,65.94,99019,Residential
445541,2327,3,1,1973,6895,0,1.86,8,90.97,82089,Residential
314277,1325,1,3,1960,4567,0,1.17,6,98.24,62430,Residential
558297,3116,2,3,2004,3658,0,9.44,6,19.8,71916,Residential
510590,2047,5,2,1977,7776,2,11.82,9,13.41,72505,Residential
428382,1892,3,3,2018,7638,0,3.9,4,5.64,73036,Residential
383553,1371,3,3,2012,9349,1,4.96,5,86.83,51549,Residential
431446,2150,2,2,2008,5707,1,1.48,9,29.47,88902,Residential
333826,1512,1,2,1954,8224,2,8.07,1,0.18,72019,Residential
400354,1861,5,2,2000,8652,0,5,4,22.38,59167,Residential
472564,3080,1,2,1970,8334,1,3.5,7,34.04,62524,Mixed
425930,1752,4,3,1961,4523,2,0.5,9,99.1,74048,Residential
457540,2375,4,3,1999,7448,0,12.38,10,52.35,48956,Residential
361434,1448,2,1,1953,8092,1,4.78,6,20.47,83177,Residential
403494,1783,2,1,1991,7022,0,1.07,8,33.48,73521,Residential
524705,2685,2,3,1987,1000,2,4.66,9,33.03,93485,Residential
403615,1487,4,1,1974,7481,0,5.66,10,1.97,71164,Mixed
473310,2706,1,3,1963,13638,2,3.73,4,13.52,53721,Residential
327725,2154,1,1,1981,5920,0,6.33,1,69.52,52033,Residential
363632,1519,2,2,1960,4816,1,4.35,8,12.03,64139,Residential
400149,2116,5,1,2010,8120,2,14.76,2,23.07,65726,Mixed
381350,2286,1,2,1967,7937,2,0.5,1,35.07,61491,Residential
463366,2111,4,2,1976,10578,2,0.56,7,75.77,71927,Residential
353333,1015,3,2,2004,3226,0,0.95,10,58.24,61110,Mixed
371310,1436,3,2,2003,9194,0,5.86,9,68.9,73813,Commercial
350687,1676,3,1,1970,8771,1,5.19,9,56.7,62190,Commercial
394167,1763,5,3,1993,6574,2,11.13,3,68.36,79476,Residential
476199,2110,2,2,1954,8016,2,6.6,6,0.28,65349,Residential
418005,1889,4,1,1990,10088,0,3.55,7,93.09,88693,Residential
372281,1132,5,2,2008,9617,0,24.04,10,11.09,79784,Residential
429899,1990,4,1,2003,3571,1,1.55,9,40.62,72904,Residential
395360,2105,4,1,1971,9460,1,8.95,2,77.1,66885,Mixed
425103,2080,2,1,2014,6806,0,2.78,8,43.52,47215,Mixed
472593,2340,3,3,2013,7219,2,5.23,7,94.68,91203,Residential
396179,2217,2,1,2020,7220,1,6.5,4,46.76,59788,Residential
375100,2030,5,1,1953,6549,0,5.02,2,87.49,71361,Residential
496193,1765,5,3,2014,10575,0,0.76,8,81.08,75157,Commercial
390238,970,5,3,1964,6749,2,2.93,5,98.1,67247,Residential
316953,2015,2,1,1971,3641,0,4.12,6,92.65,90319,Commercial
406995,1904,4,3,1996,5819,0,9.45,7,89.81,51679,Residential
464966,1936,4,2,1995,7536,1,2.93,10,73.16,96009,Residential
226247,1162,1,2,1963,10688,0,12.55,1,36.7,80073,Commercial
456479,1259,5,3,1999,8809,0,2.9,8,10.61,66304,Residential
467129,2327,4,3,1969,4448,1,3.98,4,68.86,66472,Residential
348742,1780,1,1,1999,14456,2,7.96,9,97.87,36748,Commercial
421651,2141,4,3,1982,7794,2,4.37,1,72.66,57277,Residential
367838,1814,5,1,2008,10826,1,16.12,2,92.87,64691,Residential
392604,1815,3,2,1992,6545,1,5.4,6,80.43,72642,Residential
525638,2269,5,3,1961,8600,2,3.7,10,16.31,88894,Residential
329240,1542,2,1,1989,9518,2,0.5,1,24.92,100563,Commercial
380221,1848,4,1,1969,10655,2,2.67,4,34.19,74084,Commercial
412432,1569,4,2,1987,10172,2,1.78,8,16.83,73084,Mixed
447063,1583,2,3,1952,9617,2,6.89,10,58.17,62645,Residential
334503,1645,2,2,1977,6055,1,1.17,5,97.55,44273,Residential
425472,1911,3,1,2005,5285,0,1.15,9,76.15,60913,Residential
373173,1561,4,1,1962,7998,2,1.05,6,42.34,66917,Mixed
544806,2428,4,3,2015,9799,2,0.67,1,0.45,84631,Residential
340190,1353,3,1,1986,6332,0,1.86,6,31.33,77793,Residential
307248,1707,1,3,1998,10196,0,10.85,6,52.68,73323,Commercial
397668,1580,3,2,2015,11358,0,7.46,6,32.43,61288,Residential
548718,2523,5,3,1985,4251,0,6.64,8,11.1,40268,Residential
412088,1898,4,3,2003,4489,0,7.98,6,44.28,41174,Residential
404471,2316,2,1,1975,6579,0,1.57,5,25.33,45044,Mixed
298217,1057,5,1,2021,7923,1,10.92,2,90.92,65620,Residential
434512,1934,4,3,1989,5426,0,0.74,4,10.18,84911,Mixed
500027,2245,3,1,1992,11057,0,2.05,10,4.92,84506,Residential
400022,1841,5,1,1971,8272,1,4.42,5,0.53,81906,Mixed
481919,2333,4,1,1969,7118,0,0.54,10,32.81,62274,Residential
354823,1541,1,3,1957,2692,2,6.55,4,66.04,87164,Residential
384554,2505,1,1,1978,3053,2,2.45,2,73.04,56034,Mixed
500457,2949,2,3,1989,7843,0,7.67,7,45.33,82801,Mixed
431916,1619,4,1,1979,1000,1,3.4,10,68.43,44881,Residential
404106,1577,1,2,2004,10038,2,1,10,35.99,52343,Commercial
433615,2527,3,1,1965,6526,1,6.64,2,66.78,94789,Mixed
511664,2590,4,1,1995,16729,2,1.45,1,4.06,66942,Residential
401459,1539,3,3,2011,13924,0,3.37,5,39.08,59785,Residential
350652,1590,3,3,1956,6456,1,0.5,1,79.08,86541,Mixed
284797,1659,1,1,1994,6681,1,4.81,1,80.3,88261,Residential
301214,1128,4,2,2008,9987,1,5.48,1,71.61,63501,Residential
356906,1341,5,1,2005,12110,2,2.38,6,20.42,74177,Commercial
304338,1298,1,1,1997,2086,2,15.44,9,24.72,72054,Residential
329969,1416,1,2,1976,1641,2,10.36,10,99.61,30000,Residential
393326,1783,4,3,2002,5134,0,6.15,1,10.34,49062,Mixed
443982,1917,4,1,1984,8748,2,6.25,5,18.07,84134,Residential
499750,2575,3,3,2000,8491,0,1.45,9,13,57511,Mixed
429431,1301,4,3,1986,10209,1,5.35,9,32.77,77948,Mixed
455403,2292,3,2,2006,3401,1,1.1,1,21.02,73946,Residential
367434,1693,1,2,1957,1000,0,0.78,8,49.77,88231,Residential
340694,1775,2,3,1969,9574,2,25,1,47.6,49543,Residential
468783,2137,5,1,2002,4515,0,4.87,8,90.15,75913,Residential
271539,1239,1,3,1961,1000,1,2.82,1,3.47,69019,Residential
465338,1991,4,1,1998,7435,1,1.7,5,31.99,58153,Residential
405793,1883,5,1,1966,9380,0,4.63,8,59.67,58048,Residential
462382,2046,2,2,2013,6634,2,0.5,6,60.48,73412,Residential
452893,1945,2,1,1991,5626,2,0.5,9,48.01,79445,Residential
435781,3028,3,1,1978,6522,0,0.5,1,81.57,70954,Residential
447137,1481,5,3,1968,5888,0,3.46,9,6.27,71421,Residential
343941,1535,3,2,1960,2956,2,4.59,1,81.55,62523,Residential
340148,1488,1,1,1999,4856,1,0.5,10,49.48,63517,Residential
421879,1522,5,1,2020,8564,0,6.39,10,13.38,58113,Residential
354555,1481,1,2,2007,7965,2,1.31,3,88.57,62221,Residential
445180,2395,3,3,1983,7504,2,5.78,1,64.92,78920,Commercial
439087,2510,5,2,1969,4015,1,20.06,3,16.35,80596,Residential
376207,1515,3,2,1999,6455,1,5.87,2,3.36,50862,Residential
336707,1384,5,1,1959,1000,1,10.74,2,14.11,56553,Residential
404890,2036,3,1,1981,7535,1,14.8,9,60.88,59344,Residential
406436,1524,2,3,2001,11287,1,3.33,8,17.93,69039,Residential
310510,2116,3,1,1964,2578,0,6.06,1,22.58,44753,Mixed
360587,1901,2,1,1952,5242,2,9.55,4,2.51,56816,Residential
292321,1042,3,2,1986,7987,0,2.21,1,72.29,49216,Mixed
451679,2574,5,1,1989,10759,0,1.51,1,81.04,76007,Residential
480012,2698,5,3,2021,5655,0,14.65,4,79.68,69555,Residential
377127,1494,5,2,1989,4923,0,6.48,2,12.76,63062,Residential
380504,1606,4,3,2005,1093,0,1.24,3,90.33,54051,Residential
418326,1943,1,2,1972,7310,1,2.98,9,67.23,63294,Residential
371223,1967,5,1,1960,13126,1,7.96,2,89.75,61530,Residential
434995,2129,2,2,2013,7832,2,3.96,4,44.72,94520,Residential
474428,2805,5,2,1957,6933,0,5.25,1,43.7,84955,Residential
370596,1712,4,1,2005,7966,2,7.01,2,78.45,59639,Residential
332059,1401,2,1,2009,6967,1,4.86,5,9.33,72478,Residential
412779,1110,4,3,1959,4561,1,3.88,10,52.09,84163,Residential
308811,1435,2,3,1988,9470,1,6.92,1,83.64,59635,Residential
358823,1783,3,1,1977,7677,0,6.5,7,83.02,48743,Mixed
414160,2697,1,1,1998,7053,0,4.97,4,95.61,43047,Residential
343763,1541,1,1,1985,4074,1,2.23,6,69.83,89084,Residential
484801,1912,4,2,1962,10911,2,2.6,8,20.78,67134,Residential
347704,1792,1,2,1985,8994,2,17.61,6,2.03,74370,Mixed
462799,2394,4,2,1975,5341,1,0.6,2,47.94,61386,Residential
494630,3063,4,1,1953,10005,2,1.56,1,51.37,50982,Residential
420432,1535,4,3,2013,5507,1,3.39,8,24.03,53780,Residential
302662,1555,1,1,1987,4654,2,9.06,8,12.47,49884,Residential
469543,2322,4,2,1971,4721,1,0.89,9,58.62,82750,Residential
371013,2141,1,2,1951,1687,2,1.62,6,76.43,92388,Residential
443046,2723,4,1,1980,8415,0,0.5,1,99.32,70559,Mixed
426510,2092,5,1,1960,1507,1,6.12,9,75.83,47233,Residential
384102,1620,4,2,1995,3315,1,1.36,3,79.36,77449,Residential
438131,2095,2,2,2011,1000,2,2.46,6,61.65,88975,Residential
531220,2354,4,2,2018,6742,1,2.93,10,98.59,84575,Residential
459607,2210,3,1,2013,6549,1,11.1,10,64,69563,Residential
457764,2054,4,2,1959,6020,1,2.65,9,86.03,66483,Residential
409155,2333,2,2,1989,3872,0,0.78,3,94.58,69443,Residential
448162,2385,2,3,1973,3483,0,3.71,5,92.99,88379,Residential
437711,2491,1,1,1993,8393,2,16.48,5,38.14,81405,Residential
480303,2124,5,3,2009,5348,0,4.68,10,7.87,64214,Residential
410118,1716,4,3,2011,7949,2,20.49,7,17.19,63836,Residential
358566,1873,1,2,1966,4344,0,9.2,4,5.92,62775,Residential
502056,2403,5,1,2014,7543,2,0.5,4,10.54,54031,Mixed
413281,1392,4,2,2006,10910,0,5.37,7,18.47,90278,Residential
427534,1984,3,1,2004,8758,0,1.69,9,34.11,58183,Residential
449763,1603,4,3,2002,5763,2,4.1,4,54.35,77354,Mixed
365262,1814,2,1,2005,7772,1,1.64,4,71.17,60079,Residential
444595,2439,2,2,1958,6278,1,2.15,6,21.09,62842,Mixed
403045,1896,3,2,1971,7024,0,12.83,6,67.25,68292,Residential
405978,1823,1,2,1962,6023,2,1.16,7,70.43,78179,Residential
312043,1120,5,1,1997,6507,1,10.36,1,55.86,66112,Residential
464540,2173,4,3,1967,7636,2,0.5,3,90.36,52912,Mixed
474628,2123,2,3,1989,4020,1,0.5,9,11.1,70286,Residential
477244,2882,1,1,1966,3952,2,9.64,6,17.71,58500,Mixed
330779,1646,3,2,1964,2834,0,4.98,6,42.87,93158,Residential
360588,1910,2,3,1964,2199,2,6.88,5,12.67,66101,Mixed
385614,1925,3,2,2012,3348,1,1.17,3,56.63,59980,Residential
473638,2589,4,1,1988,7478,0,3.85,5,39.84,99622,Residential
392114,1752,5,2,1962,4322,2,6.68,1,28.46,81083,Mixed
377210,1940,2,3,1981,8541,1,4.94,3,17,56548,Mixed
407998,2104,2,3,1958,7104,0,3.19,4,33.53,58136,Residential
393198,1893,4,2,1989,1094,2,16.07,5,60.8,77113,Residential
400032,1577,1,1,1969,8965,1,5.64,10,57.58,70652,Residential
470367,1897,5,2,2012,9432,2,11.92,9,16.36,83353,Residential
380524,2337,2,1,1993,4018,2,6.54,4,12.49,60060,Residential
385048,1287,5,2,1987,8261,0,6.65,3,2.67,80517,Residential
431829,1866,2,3,2009,4431,0,0.5,10,1.24,36426,Residential
317178,1450,5,1,2020,7293,1,2.23,1,87.98,67683,Commercial
444176,2398,3,1,1997,3207,0,9.77,10,4.51,60742,Residential
296169,1038,2,1,1967,1621,1,1.32,6,73.12,63174,Residential
412500,1521,5,3,1965,5852,2,0.61,7,87.2,68457,Residential
409064,1989,1,2,2004,6629,2,1.97,10,9.81,87078,Residential
546207,2583,3,3,1988,5807,1,1.25,8,43.63,52689,Residential
315251,1767,3,1,2017,3448,2,12.97,1,96.23,37179,Residential
320416,1522,1,2,2008,5800,0,10.12,4,83.41,54429,Residential
586932,2741,5,3,2011,7808,2,3.46,5,48.97,85337,Mixed
253729,1076,4,1,1962,6865,0,0.5,2,76.26,45325,Residential
173865,701,1,1,1955,7548,1,6.27,1,83.34,61421,Mixed
486822,2020,5,3,2009,4990,1,4.88,8,34.8,82594,Commercial
306458,1549,1,3,1963,10515,2,17.63,6,89.22,69124,Commercial
351026,1289,1,3,2003,3471,2,4.09,5,47.05,86931,Residential
399195,2154,2,1,1953,8463,0,2.05,9,52.78,39477,Residential
443924,1922,5,3,1988,10546,0,3.66,2,99.97,65176,Residential
388695,1518,4,1,2021,8443,2,19.38,10,84.33,90058,Residential
371592,1160,2,3,1974,6392,2,5.96,8,36.18,53097,Residential
450004,2236,1,1,1981,5415,1,5.57,10,1.03,85522,Residential
408456,2125,1,1,2008,10108,1,1.38,9,62.62,66465,Residential
332342,1750,1,2,2012,2731,1,6.81,1,70.39,76512,Residential
532319,2723,5,3,1987,4090,2,6.94,7,65.08,88970,Residential
430331,1265,5,3,2002,5807,2,1.91,8,96.79,76448,Mixed
304858,1037,2,1,2016,10713,2,3.31,3,86.3,61131,Residential
384418,1454,4,1,1977,8139,1,1.74,4,44.88,78431,Residential
332848,1777,2,1,1952,4096,2,1.5,3,6.29,60073,Residential
402527,1922,3,2,1971,6069,0,0.5,7,47.61,74101,Mixed
395484,1679,1,2,1987,5157,2,1.68,9,68.92,51222,Residential
357062,1976,1,1,2021,4871,2,4.04,3,60.77,70436,Residential
338357,1174,1,3,2021,9937,2,0.5,6,53.81,87839,Residential
505602,2522,2,3,2011,2885,2,1.66,8,46.88,65518,Residential
413112,1759,2,2,2006,11826,2,10.66,6,29.38,86405,Residential
403739,2359,1,2,1955,9485,0,4.5,2,27.73,116401,Commercial
413106,1971,2,1,1981,10273,0,4.68,7,50.02,69566,Mixed
435792,2028,5,3,1959,5611,2,2.58,2,16.06,79213,Commercial
387300,2085,5,1,1952,6550,1,5.64,2,34.07,77153,Commercial
425028,2024,2,2,2008,2701,2,1.05,2,32.4,73377,Residential
322882,2121,1,3,1998,5426,2,8.54,1,58.71,81818,Commercial
452849,2465,2,3,2008,8481,2,0.62,1,6.67,66279,Residential
401708,1898,2,2,1980,10888,1,5.34,7,82.97,60062,Residential
427976,2155,2,1,2018,3679,1,2.09,5,56.24,47105,Residential
364471,1755,3,1,2011,5903,1,6.88,3,67.08,64859,Residential
492843,2520,5,3,2001,6546,0,3.99,1,70.31,83522,Residential
410832,1462,4,2,1990,2813,1,3.01,10,29.15,55903,Residential
542266,2700,4,3,1980,8774,0,0.93,6,47.04,73700,Residential
293296,1780,3,2,1971,4828,0,5.06,1,95.62,68153,Commercial
252799,1085,2,1,1953,6414,1,18.4,9,76.67,60689,Residential
323893,1864,3,2,1962,5644,1,8.73,2,96.96,42204,Residential
323351,1459,3,1,1994,4632,1,0.5,1,74.63,90443,Commercial
416863,2220,1,2,1991,6979,0,2.36,7,17.56,77758,Residential
405946,1474,5,3,1998,6353,2,12.99,6,6.45,109979,Commercial
390839,1577,4,1,1969,5884,1,3.5,6,57.77,86191,Residential
293776,855,2,3,2003,4815,1,5.43,5,35.78,90108,Mixed
380651,1574,4,3,1985,7959,1,12.19,4,27.55,43760,Residential
221395,588,4,1,1950,11961,0,10.35,4,80.72,43497,Residential
290313,1008,5,1,1964,7420,0,3.48,3,36.7,70635,Residential
513881,2180,4,3,1966,9988,2,2.88,10,31.7,52778,Residential
451665,2193,4,3,1973,2829,1,2.08,8,85,59781,Mixed
487791,2013,3,3,2007,7473,0,6.35,7,84.63,107894,Residential
471633,1317,5,3,2021,3708,2,1.69,9,35.64,87848,Residential
276234,1776,1,1,1972,2569,1,1.44,1,83.25,55965,Residential
342152,1798,2,1,1995,4782,0,2.2,7,85.08,34508,Mixed
437511,1221,4,3,2021,10576,1,0.98,10,42.39,54701,Residential
392224,2552,2,2,1957,9850,1,5.94,4,6.65,61642,Mixed
459658,2239,1,2,2008,7729,0,4.79,7,0.16,65181,Residential
283260,1690,2,1,2008,2402,0,3.3,1,52.33,50814,Residential
430172,1813,1,3,1962,6411,0,2.47,5,34.41,86948,Residential
386734,1904,3,3,1988,7905,1,11.99,3,99.71,59328,Mixed
266333,779,4,1,1977,7527,1,0.5,5,77.24,79729,Mixed
338815,1676,1,2,2010,1469,2,7.33,4,76.13,70808,Residential
313657,1459,2,2,1965,4329,1,11.61,2,95.52,84077,Residential
294146,1299,4,2,1951,6808,0,2.96,4,88.77,66431,Commercial
366321,1659,3,1,1966,8609,1,4,3,31.82,56125,Residential
440020,2699,4,2,1979,1000,2,14.45,1,16.6,61021,Residential
419955,2120,1,1,1962,6514,2,1.19,10,74.59,61233,Residential
396328,1514,3,1,1962,7429,0,3.67,8,37.83,100968,Residential
444083,2086,2,3,1992,9549,0,3.22,5,47.32,71148,Residential
