{
  "config": {
    "num_timesteps": 30,
    "initial_pose": [
      0.0,
      0.0,
      0.7853981633974483
    ],
    "landmarks": [
      [
        5,
        5
      ],
      [
        10,
        10
      ],
      [
        5,
        15
      ],
      [
        15,
        5
      ],
      [
        15,
        15
      ],
      [
        10,
        20
      ]
    ],
    "seed": 0,
    "init_range": 5.0,
    "resample_method": "residual",
    "rejuvenation_sigma": 0.0,
    "create_animation": false,
    "divergence_threshold": 10.0,
    "name": "exp_10_N300_residual_resample",
    "num_particles": 300,
    "robot_motion_noise_trans": 0.02,
    "robot_motion_noise_theta": 0.017453292519943295,
    "particle_motion_noise_trans": 0.02,
    "particle_motion_noise_theta": 0.017453292519943295,
    "meas_noise": 0.1
  },
  "stats": [
    {
      "timestep": 0,
      "true_x": 0.5441751880268939,
      "true_y": 0.8255521564556464,
      "true_theta": 0.988005096309464,
      "est_x": 0.49952815590023925,
      "est_y": 0.998557919825244,
      "est_theta": 1.282389148929906,
      "rmse": 0.17867386948520406,
      "heading_error": 0.294384052620442,
      "variance": 1.84673570507403e-29,
      "ess": 1.0000004902631299,
      "max_weight_particle_idx": 0,
      "max_weight_particle_x": 0.49952815590023913,
      "max_weight_particle_y": 0.9985579198252438
    },
    {
      "timestep": 1,
      "true_x": 0.944254930136957,
      "true_y": 1.7385732753319822,
      "true_theta": 1.1578041113488,
      "est_x": 0.6231844624063414,
      "est_y": 1.9913712681485851,
      "est_theta": 1.446872277743989,
      "rmse": 0.4086478562538405,
      "heading_error": 0.28906816639518906,
      "variance": 0.0005503391938123737,
      "ess": 232.17647750216824,
      "max_weight_particle_idx": 0,
      "max_weight_particle_x": 0.6181231854339241,
      "max_weight_particle_y": 2.0014172994481503
    },
    {
      "timestep": 2,
      "true_x": 1.1773709506440766,
      "true_y": 2.693198996951704,
      "true_theta": 1.3312874324410062,
      "est_x": 0.6397492536032732,
      "est_y": 3.0054598308263154,
      "est_theta": 1.5768977593209599,
      "rmse": 0.6217265616821442,
      "heading_error": 0.24561032687995368,
      "variance": 0.000724940377814962,
      "ess": 16.72758270553174,
      "max_weight_particle_idx": 0,
      "max_weight_particle_x": 0.6344114983553039,
      "max_weight_particle_y": 2.9854925957979184
    },
    {
      "timestep": 3,
      "true_x": 1.2398857689393499,
      "true_y": 3.697650073973047,
      "true_theta": 1.5086387077117371,
      "est_x": 0.5346303858630124,
      "est_y": 3.9748516317834954,
      "est_theta": 1.6886374126866506,
      "rmse": 0.7577769190274212,
      "heading_error": 0.17999870497491344,
      "variance": 0.0001343430736818499,
      "ess": 1.7174248312096136,
      "max_weight_particle_idx": 0,
      "max_weight_particle_x": 0.5383476234802995,
      "max_weight_particle_y": 3.9725080601633453
    },
    {
      "timestep": 4,
      "true_x": 1.1234906276465342,
      "true_y": 4.700625361507919,
      "true_theta": 1.686329386163509,
      "est_x": 0.29615608086677836,
      "est_y": 4.96062358930997,
      "est_theta": 1.8111663098061117,
      "rmse": 0.8672263434395145,
      "heading_error": 0.1248369236426028,
      "variance": 0.00018379063622381254,
      "ess": 2.3330157632026443,
      "max_weight_particle_idx": 0,
      "max_weight_particle_x": 0.3035185080982106,
      "max_weight_particle_y": 4.933890989241677
    },
    {
      "timestep": 5,
      "true_x": 0.8207424884499737,
      "true_y": 5.671583978292012,
      "true_theta": 1.873046389289847,
      "est_x": -0.07070368314432501,
      "est_y": 5.904482482183901,
      "est_theta": 1.9434134630551179,
      "rmse": 0.921367456536865,
      "heading_error": 0.07036707376527085,
      "variance": 0.00025767280299414966,
      "ess": 3.5777763768613524,
      "max_weight_particle_idx": 0,
      "max_weight_particle_x": -0.06318892627212658,
      "max_weight_particle_y": 5.85396405070599
    },
    {
      "timestep": 6,
      "true_x": 0.36942967646766245,
      "true_y": 6.540289323838039,
      "true_theta": 2.049940440084007,
      "est_x": -0.5384907821776065,
      "est_y": 6.745789944148849,
      "est_theta": 2.081942919351067,
      "rmse": 0.9308867085605871,
      "heading_error": 0.032002479267060124,
      "variance": 0.00010760155244475352,
      "ess": 1.5348333811645785,
      "max_weight_particle_idx": 0,
      "max_weight_particle_x": -0.5556218698697559,
      "max_weight_particle_y": 6.776231508823467
    },
    {
      "timestep": 7,
      "true_x": -0.2262395108047528,
      "true_y": 7.371495996070941,
      "true_theta": 2.192597621413012,
      "est_x": -1.123747968927392,
      "est_y": 7.530730256760817,
      "est_theta": 2.2118251311273145,
      "rmse": 0.911524537343416,
      "heading_error": 0.01922750971430265,
      "variance": 9.90417231948182e-05,
      "ess": 1.3166319467005954,
      "max_weight_particle_idx": 0,
      "max_weight_particle_x": -1.1374421415720475,
      "max_weight_particle_y": 7.534921161813889
    },
    {
      "timestep": 8,
      "true_x": -0.9311739170361153,
      "true_y": 8.086393079775824,
      "true_theta": 2.349177802618436,
      "est_x": -1.787406949053096,
      "est_y": 8.200224173653021,
      "est_theta": 2.354807531563341,
      "rmse": 0.8637664748358037,
      "heading_error": 0.00562972894490521,
      "variance": 2.0080947380466626e-27,
      "ess": 1.005624382286781,
      "max_weight_particle_idx": 0,
      "max_weight_particle_x": -1.7874069490530957,
      "max_weight_particle_y": 8.200224173653021
    },
    {
      "timestep": 9,
      "true_x": -1.779621268385141,
      "true_y": 8.664540375423353,
      "true_theta": 2.5434469970643563,
      "est_x": -2.5509134447879207,
      "est_y": 8.761419527486844,
      "est_theta": 2.5080688876734185,
      "rmse": 0.7773526815317985,
      "heading_error": -0.03537810939093777,
      "variance": 0.0005882238205307353,
      "ess": 4.0267867159178445,
      "max_weight_particle_idx": 0,
      "max_weight_particle_x": -2.553266193707653,
      "max_weight_particle_y": 8.783780939140332
    },
    {
      "timestep": 10,
      "true_x": -2.697245745108804,
      "true_y": 9.103736993528464,
      "true_theta": 2.6951920392122273,
      "est_x": -3.3866284544467904,
      "est_y": 9.243249476559358,
      "est_theta": 2.637419313812654,
      "rmse": 0.7033578412555218,
      "heading_error": -0.05777272539957323,
      "variance": 0.00019755488317944902,
      "ess": 2.146012020213754,
      "max_weight_particle_idx": 0,
      "max_weight_particle_x": -3.39558306599517,
      "max_weight_particle_y": 9.228986024034626
    },
    {
      "timestep": 11,
      "true_x": -3.646910095874315,
      "true_y": 9.340757948559235,
      "true_theta": 2.897005629840843,
      "est_x": -4.284715485425828,
      "est_y": 9.597877517044733,
      "est_theta": 2.7774589675569796,
      "rmse": 0.6876817486593096,
      "heading_error": -0.11954666228386346,
      "variance": 0.00035298673509353656,
      "ess": 2.369337383110229,
      "max_weight_particle_idx": 0,
      "max_weight_particle_x": -4.286093527488754,
      "max_weight_particle_y": 9.53364899723017
    },
    {
      "timestep": 12,
      "true_x": -4.592867834587563,
      "true_y": 9.410042587852507,
      "true_theta": 3.068480355977859,
      "est_x": -5.200299289754018,
      "est_y": 9.807615521107696,
      "est_theta": 2.922750892321097,
      "rmse": 0.7259732846205657,
      "heading_error": -0.14572946365676168,
      "variance": 6.287555393369511e-06,
      "ess": 1.0370455159940826,
      "max_weight_particle_idx": 0,
      "max_weight_particle_x": -5.213281078836579,
      "max_weight_particle_y": 9.8042181535623
    },
    {
      "timestep": 13,
      "true_x": -5.557237636997798,
      "true_y": 9.27479227766194,
      "true_theta": -3.0022541242170333,
      "est_x": -6.145759997234389,
      "est_y": 9.850589995959792,
      "est_theta": 3.0962347712369938,
      "rmse": 0.8233477885410644,
      "heading_error": -0.18469641172555942,
      "variance": 8.364488236663119e-05,
      "ess": 2.514450307294707,
      "max_weight_particle_idx": 0,
      "max_weight_particle_x": -6.157563126486984,
      "max_weight_particle_y": 9.835775330946865
    },
    {
      "timestep": 14,
      "true_x": -6.486662880027143,
      "true_y": 8.95496787762491,
      "true_theta": -2.810174771963821,
      "est_x": -7.076646685446768,
      "est_y": 9.70275545277851,
      "est_theta": -2.9872001611655636,
      "rmse": 0.9525057208287641,
      "heading_error": -0.17702538920174282,
      "variance": 6.714513496094668e-05,
      "ess": 1.113959291263592,
      "max_weight_particle_idx": 0,
      "max_weight_particle_x": -7.089447808755284,
      "max_weight_particle_y": 9.709174102067879
    },
    {
      "timestep": 15,
      "true_x": -7.387087896889874,
      "true_y": 8.486193883953716,
      "true_theta": -2.661590062432833,
      "est_x": -7.968882012606887,
      "est_y": 9.381854328961234,
      "est_theta": -2.7980913698550105,
      "rmse": 1.0680318468257428,
      "heading_error": -0.13650130742217745,
      "variance": 0.00013564795974233882,
      "ess": 2.3069983760087713,
      "max_weight_particle_idx": 0,
      "max_weight_particle_x": -7.965965872180242,
      "max_weight_particle_y": 9.390026597389364
    },
    {
      "timestep": 16,
      "true_x": -8.170136713994317,
      "true_y": 7.891087880865839,
      "true_theta": -2.491731187944996,
      "est_x": -8.783928042065178,
      "est_y": 8.90552167150931,
      "est_theta": -2.610783567994793,
      "rmse": 1.1856709956873677,
      "heading_error": -0.1190523800497969,
      "variance": 0.00032491576881342905,
      "ess": 2.447888192759509,
      "max_weight_particle_idx": 0,
      "max_weight_particle_x": -8.802244816888997,
      "max_weight_particle_y": 8.86385540644235
    },
    {
      "timestep": 17,
      "true_x": -8.816110081768782,
      "true_y": 7.161749475532534,
      "true_theta": -2.2956531910579883,
      "est_x": -9.486514671935646,
      "est_y": 8.250200455731498,
      "est_theta": -2.3918894846596563,
      "rmse": 1.2783457477587539,
      "heading_error": -0.09623629360166809,
      "variance": 0.00011118851953371574,
      "ess": 1.5129597328903366,
      "max_weight_particle_idx": 0,
      "max_weight_particle_x": -9.503271133158034,
      "max_weight_particle_y": 8.210579896474943
    },
    {
      "timestep": 18,
      "true_x": -9.331125839232532,
      "true_y": 6.3223985085088,
      "true_theta": -2.1211472058039043,
      "est_x": -10.042989026814563,
      "est_y": 7.438337214697158,
      "est_theta": -2.1747275328855675,
      "rmse": 1.323657204038793,
      "heading_error": -0.05358032708166326,
      "variance": 0.00018228863920217872,
      "ess": 4.717345135399443,
      "max_weight_particle_idx": 0,
      "max_weight_particle_x": -10.054483363696368,
      "max_weight_particle_y": 7.433078640559605
    },
    {
      "timestep": 19,
      "true_x": -9.712814566262953,
      "true_y": 5.346188607185082,
      "true_theta": -1.9435117841138756,
      "est_x": -10.390436615570788,
      "est_y": 6.503704909052874,
      "est_theta": -1.9315462564496189,
      "rmse": 1.3412738835889704,
      "heading_error": 0.011965527664256737,
      "variance": 9.317420351119695e-05,
      "ess": 1.7647649427649632,
      "max_weight_particle_idx": 0,
      "max_weight_particle_x": -10.393075094085383,
      "max_weight_particle_y": 6.513861310777305
    },
    {
      "timestep": 20,
      "true_x": -9.917174689738232,
      "true_y": 4.361284981807192,
      "true_theta": -1.7753857317128046,
      "est_x": -10.53822344131753,
      "est_y": 5.510061967447488,
      "est_theta": -1.7207607517898298,
      "rmse": 1.3059058597674675,
      "heading_error": 0.05462497992297477,
      "variance": 0.0006829839627080982,
      "ess": 11.065195599566799,
      "max_weight_particle_idx": 0,
      "max_weight_particle_x": -10.54921613434331,
      "max_weight_particle_y": 5.52109135603934
    },
    {
      "timestep": 21,
      "true_x": -9.926535365534672,
      "true_y": 3.3409737298257642,
      "true_theta": -1.5799704030066075,
      "est_x": -10.473651190592763,
      "est_y": 4.487723757011841,
      "est_theta": -1.5141383484509596,
      "rmse": 1.2705791399516453,
      "heading_error": 0.06583205455564789,
      "variance": 0.0008525433226730884,
      "ess": 30.752314673195514,
      "max_weight_particle_idx": 0,
      "max_weight_particle_x": -10.489881688033957,
      "max_weight_particle_y": 4.49452849766123
    },
    {
      "timestep": 22,
      "true_x": -9.779455660102691,
      "true_y": 2.3791153311746855,
      "true_theta": -1.4190596669941853,
      "est_x": -10.255384572335387,
      "est_y": 3.4769561541625302,
      "est_theta": -1.3498415373749388,
      "rmse": 1.196562911892904,
      "heading_error": 0.06921812961924645,
      "variance": 0.001248575810839372,
      "ess": 72.38195848123438,
      "max_weight_particle_idx": 0,
      "max_weight_particle_x": -10.280526649422404,
      "max_weight_particle_y": 3.4868290800209625
    },
    {
      "timestep": 23,
      "true_x": -9.473268205379417,
      "true_y": 1.4311984957254706,
      "true_theta": -1.2583645659503813,
      "est_x": -9.940251513744633,
      "est_y": 2.523159778769756,
      "est_theta": -1.2122928742938979,
      "rmse": 1.1876248793114108,
      "heading_error": 0.04607169165648339,
      "variance": 0.002569888726644725,
      "ess": 29.79386537194485,
      "max_weight_particle_idx": 0,
      "max_weight_particle_x": -9.922563374184188,
      "max_weight_particle_y": 2.556476619591747
    },
    {
      "timestep": 24,
      "true_x": -8.994846831958071,
      "true_y": 0.5757791154349021,
      "true_theta": -1.0608541280644932,
      "est_x": -9.488576643720762,
      "est_y": 1.6173326807055355,
      "est_theta": -1.0625812844662883,
      "rmse": 1.1526504050887199,
      "heading_error": -0.0017271564017951044,
      "variance": 0.0018422185304164038,
      "ess": 37.80669919317021,
      "max_weight_particle_idx": 0,
      "max_weight_particle_x": -9.401849549917603,
      "max_weight_particle_y": 1.6179722434821069
    },
    {
      "timestep": 25,
      "true_x": -8.383360630415057,
      "true_y": -0.2153596923329807,
      "true_theta": -0.9127876977434419,
      "est_x": -8.933185380362513,
      "est_y": 0.7961063332567588,
      "est_theta": -0.9254100971297922,
      "rmse": 1.1512474871099987,
      "heading_error": -0.012622399386350236,
      "variance": 0.0016773472952379303,
      "ess": 20.361886064067157,
      "max_weight_particle_idx": 0,
      "max_weight_particle_x": -8.911438304658342,
      "max_weight_particle_y": 0.8192494516598734
    },
    {
      "timestep": 26,
      "true_x": -7.660247187636382,
      "true_y": -0.9150597711379274,
      "true_theta": -0.768943968523513,
      "est_x": -8.226885788517261,
      "est_y": 0.06641796135247688,
      "est_theta": -0.7791266355405331,
      "rmse": 1.1333039501310962,
      "heading_error": -0.010182667017020086,
      "variance": 0.002032604385310684,
      "ess": 35.86519227850418,
      "max_weight_particle_idx": 0,
      "max_weight_particle_x": -8.283887796897599,
      "max_weight_particle_y": 0.05908137463749563
    },
    {
      "timestep": 27,
      "true_x": -6.842026818571289,
      "true_y": -1.4771031039566949,
      "true_theta": -0.6018862496748657,
      "est_x": -7.428313009096829,
      "est_y": -0.56809093620742,
      "est_theta": -0.6423193467687063,
      "rmse": 1.0816813848436082,
      "heading_error": -0.040433097093840575,
      "variance": 0.0015358662765498831,
      "ess": 17.304578217052615,
      "max_weight_particle_idx": 0,
      "max_weight_particle_x": -7.461139889355558,
      "max_weight_particle_y": -0.5252257421955439
    },
    {
      "timestep": 28,
      "true_x": -5.931078652143173,
      "true_y": -1.8835053182773698,
      "true_theta": -0.4196318065419196,
      "est_x": -6.548193762816339,
      "est_y": -1.0784159237158364,
      "est_theta": -0.5028167122717383,
      "rmse": 1.0143963688108368,
      "heading_error": -0.08318490572981868,
      "variance": 0.0014513123059811117,
      "ess": 56.99004577111753,
      "max_weight_particle_idx": 0,
      "max_weight_particle_x": -6.601280165628405,
      "max_weight_particle_y": -1.0498641116678609
    },
    {
      "timestep": 29,
      "true_x": -4.940863972651654,
      "true_y": -2.1174266220933826,
      "true_theta": -0.231980033227153,
      "est_x": -5.58345839736438,
      "est_y": -1.4341834000641496,
      "est_theta": -0.33987136355010344,
      "rmse": 0.9379493030653456,
      "heading_error": -0.10789133032295045,
      "variance": 0.0016757463315702189,
      "ess": 134.76990550887905,
      "max_weight_particle_idx": 0,
      "max_weight_particle_x": -5.601113558317918,
      "max_weight_particle_y": -1.4266441868137294
    }
  ],
  "final_rmse": 0.9379493030653456,
  "mean_rmse": 0.9586899053491494,
  "mean_ess": 24.481285205057937,
  "weight_failures": 0,
  "diverged": false
}