{
  "config": {
    "num_timesteps": 30,
    "initial_pose": [
      0.0,
      0.0,
      0.7853981633974483
    ],
    "landmarks": [
      [
        5,
        5
      ],
      [
        10,
        10
      ],
      [
        5,
        15
      ],
      [
        15,
        5
      ],
      [
        15,
        15
      ],
      [
        10,
        20
      ]
    ],
    "seed": 0,
    "init_range": 5.0,
    "resample_method": "systematic",
    "rejuvenation_sigma": 0.0,
    "create_animation": false,
    "divergence_threshold": 10.0,
    "name": "exp_03_N1000_low_noise",
    "num_particles": 1000,
    "robot_motion_noise_trans": 0.02,
    "robot_motion_noise_theta": 0.017453292519943295,
    "particle_motion_noise_trans": 0.02,
    "particle_motion_noise_theta": 0.017453292519943295,
    "meas_noise": 0.05
  },
  "stats": [
    {
      "timestep": 0,
      "true_x": 0.5765437934405021,
      "true_y": 0.8677143892020213,
      "true_theta": 0.9843371304174748,
      "est_x": 0.9743347990570588,
      "est_y": 0.6815841999295944,
      "est_theta": -0.9873018178139692,
      "rmse": 0.43918348273588437,
      "heading_error": -1.971638948231444,
      "variance": 0.01163167589085156,
      "ess": 1.1111763691307772,
      "max_weight_particle_idx": 0,
      "max_weight_particle_x": 0.6354252313294679,
      "max_weight_particle_y": 1.090333776437992
    },
    {
      "timestep": 1,
      "true_x": 0.9943276257646705,
      "true_y": 1.7573391147216175,
      "true_theta": 1.1317483252730725,
      "est_x": 1.7968004721411721,
      "est_y": 1.190726949888675,
      "est_theta": 0.3833860146753689,
      "rmse": 0.9823502504240929,
      "heading_error": -0.7483623105977036,
      "variance": 0.00012121980159560031,
      "ess": 1.5833191165507965,
      "max_weight_particle_idx": 0,
      "max_weight_particle_x": 1.7963335979004946,
      "max_weight_particle_y": 1.1857994970710974
    },
    {
      "timestep": 2,
      "true_x": 1.2723625853601066,
      "true_y": 2.695854135871044,
      "true_theta": 1.2827835532391463,
      "est_x": 2.5900296339749023,
      "est_y": 1.710020898194019,
      "est_theta": 0.5831986309137546,
      "rmse": 1.6456347175220847,
      "heading_error": -0.6995849223253917,
      "variance": 5.3921963700969205e-05,
      "ess": 1.5718034184909397,
      "max_weight_particle_idx": 0,
      "max_weight_particle_x": 2.6013305505677193,
      "max_weight_particle_y": 1.7321188098134637
    },
    {
      "timestep": 3,
      "true_x": 1.3973612124862087,
      "true_y": 3.6497308381441247,
      "true_theta": 1.4404960384589103,
      "est_x": 3.2542462823181344,
      "est_y": 2.368414721795349,
      "est_theta": 0.7795614102820351,
      "rmse": 2.256056992316423,
      "heading_error": -0.6609346281768752,
      "variance": 2.632798226305921e-05,
      "ess": 1.0644829289185467,
      "max_weight_particle_idx": 0,
      "max_weight_particle_x": 3.2524514380267364,
      "max_weight_particle_y": 2.396578528310577
    },
    {
      "timestep": 4,
      "true_x": 1.3637058155213222,
      "true_y": 4.687734025580091,
      "true_theta": 1.6032081837420344,
      "est_x": 3.7717855107578977,
      "est_y": 3.1793823190235946,
      "est_theta": 1.0033409477375996,
      "rmse": 2.8414736826658404,
      "heading_error": -0.5998672360044348,
      "variance": 2.1027806010604258e-05,
      "ess": 1.0843828849592967,
      "max_weight_particle_idx": 0,
      "max_weight_particle_x": 3.783573282663134,
      "max_weight_particle_y": 3.154081034276969
    },
    {
      "timestep": 5,
      "true_x": 1.161755670003506,
      "true_y": 5.682000493953488,
      "true_theta": 1.7711849984676304,
      "est_x": 4.111203653534359,
      "est_y": 4.074871628717062,
      "est_theta": 1.2079199578375022,
      "rmse": 3.358884725177441,
      "heading_error": -0.5632650406301283,
      "variance": 5.471604843712887e-05,
      "ess": 1.66251087568839,
      "max_weight_particle_idx": 0,
      "max_weight_particle_x": 4.106122675758296,
      "max_weight_particle_y": 4.085842891092957
    },
    {
      "timestep": 6,
      "true_x": 0.788439677969656,
      "true_y": 6.60197247550548,
      "true_theta": 1.9562846205060007,
      "est_x": 4.240460312304247,
      "est_y": 5.061892607189007,
      "est_theta": 1.4340216431359012,
      "rmse": 3.7799857751935364,
      "heading_error": -0.5222629773700995,
      "variance": 1.062280094970623e-26,
      "ess": 1.0000000001150382,
      "max_weight_particle_idx": 0,
      "max_weight_particle_x": 4.240460312304247,
      "max_weight_particle_y": 5.06189260718901
    },
    {
      "timestep": 7,
      "true_x": 0.2249534354232965,
      "true_y": 7.483499800261412,
      "true_theta": 2.139553030768545,
      "est_x": 4.145036601652636,
      "est_y": 6.060630748785892,
      "est_theta": 1.6660514509501547,
      "rmse": 4.1703247316967405,
      "heading_error": -0.47350157981839014,
      "variance": 9.776353198404126e-27,
      "ess": 1.0000000002101,
      "max_weight_particle_idx": 0,
      "max_weight_particle_x": 4.145036601652637,
      "max_weight_particle_y": 6.060630748785892
    },
    {
      "timestep": 8,
      "true_x": -0.44362913264187676,
      "true_y": 8.204560242561344,
      "true_theta": 2.3184488611603937,
      "est_x": 3.8210624049948985,
      "est_y": 7.013427042651708,
      "est_theta": 1.8985568997983195,
      "rmse": 4.427910592041995,
      "heading_error": -0.41989196136207424,
      "variance": 1.6453728279820155e-08,
      "ess": 1.0020688729891862,
      "max_weight_particle_idx": 0,
      "max_weight_particle_x": 3.8210607683668854,
      "max_weight_particle_y": 7.013430756362417
    },
    {
      "timestep": 9,
      "true_x": -1.2254868531142522,
      "true_y": 8.799093902452883,
      "true_theta": 2.4914613697254153,
      "est_x": 3.284982879875948,
      "est_y": 7.8754469784074885,
      "est_theta": 2.127154956781248,
      "rmse": 4.604070031235321,
      "heading_error": -0.3643064129441673,
      "variance": 1.9200874433079427e-27,
      "ess": 1.0000000006967693,
      "max_weight_particle_idx": 0,
      "max_weight_particle_x": 3.284982879875947,
      "max_weight_particle_y": 7.8754469784074885
    },
    {
      "timestep": 10,
      "true_x": -2.12394475482394,
      "true_y": 9.238786593137538,
      "true_theta": 2.68647226699367,
      "est_x": 2.558026988049813,
      "est_y": 8.63105275853081,
      "est_theta": 2.336872310680956,
      "rmse": 4.721249814910675,
      "heading_error": -0.3495999563127139,
      "variance": 2.2520401122248963e-26,
      "ess": 1.0000000001624243,
      "max_weight_particle_idx": 0,
      "max_weight_particle_x": 2.5580269880498125,
      "max_weight_particle_y": 8.631052758530812
    },
    {
      "timestep": 11,
      "true_x": -3.0425675461095976,
      "true_y": 9.49395994478823,
      "true_theta": 2.8706454454243784,
      "est_x": 1.6975142516339745,
      "est_y": 9.20342979377783,
      "est_theta": 2.5546416316942544,
      "rmse": 4.748977070690705,
      "heading_error": -0.316003813730124,
      "variance": 1.3994209901507756e-05,
      "ess": 1.1709156427377974,
      "max_weight_particle_idx": 0,
      "max_weight_particle_x": 1.6958266339592811,
      "max_weight_particle_y": 9.216090742959073
    },
    {
      "timestep": 12,
      "true_x": -4.024545620256038,
      "true_y": 9.587203018805663,
      "true_theta": 3.0469221653623677,
      "est_x": 0.7083212349981628,
      "est_y": 9.593705107648077,
      "est_theta": 2.764903217216818,
      "rmse": 4.73287132158937,
      "heading_error": -0.2820189481455495,
      "variance": 3.0607803122575602e-27,
      "ess": 1.0,
      "max_weight_particle_idx": 0,
      "max_weight_particle_x": 0.7083212349981627,
      "max_weight_particle_y": 9.593705107648075
    },
    {
      "timestep": 13,
      "true_x": -5.026203996528352,
      "true_y": 9.547181735583244,
      "true_theta": -3.1016588719377944,
      "est_x": -0.33676932074957955,
      "est_y": 9.80721578435764,
      "est_theta": 2.9400671340019944,
      "rmse": 4.696638721992396,
      "heading_error": -0.24145930123979767,
      "variance": 2.3925735254485843e-26,
      "ess": 1.0,
      "max_weight_particle_idx": 0,
      "max_weight_particle_x": -0.33676932074957966,
      "max_weight_particle_y": 9.807215784357638
    },
    {
      "timestep": 14,
      "true_x": -6.015741357832987,
      "true_y": 9.34498278471724,
      "true_theta": -2.940030541340854,
      "est_x": -1.385459960394708,
      "est_y": 9.806742299976687,
      "est_theta": -3.141141153089185,
      "rmse": 4.653249151871799,
      "heading_error": -0.201110611748331,
      "variance": 3.6213645930301777e-28,
      "ess": 1.000000072122185,
      "max_weight_particle_idx": 0,
      "max_weight_particle_x": -1.385459960394708,
      "max_weight_particle_y": 9.806742299976682
    },
    {
      "timestep": 15,
      "true_x": -6.92491744566126,
      "true_y": 8.994928149739646,
      "true_theta": -2.77406288969434,
      "est_x": -2.4277268543251465,
      "est_y": 9.610053992459196,
      "est_theta": -2.955074088695683,
      "rmse": 4.5390641124777575,
      "heading_error": -0.18101119900134321,
      "variance": 3.1154483729893586e-26,
      "ess": 1.0,
      "max_weight_particle_idx": 0,
      "max_weight_particle_x": -2.427726854325147,
      "max_weight_particle_y": 9.610053992459195
    },
    {
      "timestep": 16,
      "true_x": -7.776343507229257,
      "true_y": 8.519229143785191,
      "true_theta": -2.6320880237015714,
      "est_x": -3.4337080087924403,
      "est_y": 9.244955789683704,
      "est_theta": -2.793447889039858,
      "rmse": 4.402858416625578,
      "heading_error": -0.16135986533828683,
      "variance": 8.336682046375769e-27,
      "ess": 1.0000004820497195,
      "max_weight_particle_idx": 0,
      "max_weight_particle_x": -3.43370800879244,
      "max_weight_particle_y": 9.2449557896837
    },
    {
      "timestep": 17,
      "true_x": -8.563280442758408,
      "true_y": 7.878068134399985,
      "true_theta": -2.45791913337301,
      "est_x": -4.3633339826763375,
      "est_y": 8.738232602254302,
      "est_theta": -2.642532432517231,
      "rmse": 4.28712411522165,
      "heading_error": -0.18461329914422106,
      "variance": 1.281898970984126e-27,
      "ess": 1.0,
      "max_weight_particle_idx": 0,
      "max_weight_particle_x": -4.363333982676337,
      "max_weight_particle_y": 8.738232602254303
    },
    {
      "timestep": 18,
      "true_x": -9.239482485360295,
      "true_y": 7.122724261593731,
      "true_theta": -2.300966537820593,
      "est_x": -5.194953912713352,
      "est_y": 8.087838246704424,
      "est_theta": -2.477873676529543,
      "rmse": 4.158083257850155,
      "heading_error": -0.17690713870895,
      "variance": 5.077108786002362e-27,
      "ess": 1.0000000000001315,
      "max_weight_particle_idx": 0,
      "max_weight_particle_x": -5.194953912713351,
      "max_weight_particle_y": 8.087838246704425
    },
    {
      "timestep": 19,
      "true_x": -9.758926922316991,
      "true_y": 6.27326009101117,
      "true_theta": -2.1196263386637963,
      "est_x": -5.929632641599324,
      "est_y": 7.3213714958392,
      "est_theta": -2.335021810886472,
      "rmse": 3.970142592561082,
      "heading_error": -0.21539547222267563,
      "variance": 1.9779109476606538e-26,
      "ess": 1.0000337554407916,
      "max_weight_particle_idx": 0,
      "max_weight_particle_x": -5.929632641599325,
      "max_weight_particle_y": 7.321371495839202
    },
    {
      "timestep": 20,
      "true_x": -10.146341943643227,
      "true_y": 5.320922249713108,
      "true_theta": -1.9571545853407133,
      "est_x": -6.5424247820373,
      "est_y": 6.451785387302026,
      "est_theta": -2.1846657054108594,
      "rmse": 3.7771775631647464,
      "heading_error": -0.22751112007014604,
      "variance": 6.961697488575507e-27,
      "ess": 1.0,
      "max_weight_particle_idx": 0,
      "max_weight_particle_x": -6.542424782037299,
      "max_weight_particle_y": 6.451785387302027
    },
    {
      "timestep": 21,
      "true_x": -10.358723171546625,
      "true_y": 4.327513780857155,
      "true_theta": -1.7814160759239597,
      "est_x": -7.026946747049286,
      "est_y": 5.541623342140504,
      "est_theta": -2.0599853727211768,
      "rmse": 3.5460959053071197,
      "heading_error": -0.27856929679721704,
      "variance": 9.355890335921042e-27,
      "ess": 1.0000000000000262,
      "max_weight_particle_idx": 0,
      "max_weight_particle_x": -7.0269467470492835,
      "max_weight_particle_y": 5.541623342140502
    },
    {
      "timestep": 22,
      "true_x": -10.382103063719418,
      "true_y": 3.3095717454961235,
      "true_theta": -1.593760092452903,
      "est_x": -7.384538930588198,
      "est_y": 4.5554981398111,
      "est_theta": -1.9186724765926964,
      "rmse": 3.2461859639098685,
      "heading_error": -0.32491238413979334,
      "variance": 1.9129876951609784e-27,
      "ess": 1.0000152002419014,
      "max_weight_particle_idx": 0,
      "max_weight_particle_x": -7.384538930588195,
      "max_weight_particle_y": 4.555498139811101
    },
    {
      "timestep": 23,
      "true_x": -10.235859052499684,
      "true_y": 2.3518986046852928,
      "true_theta": -1.419259371985029,
      "est_x": -7.6042036258715955,
      "est_y": 3.537176483042874,
      "est_theta": -1.7832533926958503,
      "rmse": 2.8862595055581743,
      "heading_error": -0.3639940207108212,
      "variance": 1.600302953853982e-26,
      "ess": 1.001161792581585,
      "max_weight_particle_idx": 0,
      "max_weight_particle_x": -7.604203625871598,
      "max_weight_particle_y": 3.5371764830428747
    },
    {
      "timestep": 24,
      "true_x": -9.925341475326064,
      "true_y": 1.4204663168098626,
      "true_theta": -1.2490069798560055,
      "est_x": -7.6979848610563275,
      "est_y": 2.513849288357873,
      "est_theta": -1.6621845059657026,
      "rmse": 2.4812504528165436,
      "heading_error": -0.41317752610969705,
      "variance": 2.712498222602432e-26,
      "ess": 1.0000139301645612,
      "max_weight_particle_idx": 0,
      "max_weight_particle_x": -7.6979848610563275,
      "max_weight_particle_y": 2.513849288357873
    },
    {
      "timestep": 25,
      "true_x": -9.473983219548057,
      "true_y": 0.5574085957739182,
      "true_theta": -1.0889375190950499,
      "est_x": -7.652609987111327,
      "est_y": 1.4675757551287907,
      "est_theta": -1.5274554052399234,
      "rmse": 2.0361249249015,
      "heading_error": -0.4385178861448735,
      "variance": 2.4436544261030904e-26,
      "ess": 1.0000000056031593,
      "max_weight_particle_idx": 0,
      "max_weight_particle_x": -7.652609987111325,
      "max_weight_particle_y": 1.4675757551287905
    },
    {
      "timestep": 26,
      "true_x": -8.834769451177014,
      "true_y": -0.2538853013286648,
      "true_theta": -0.9034806732616253,
      "est_x": -7.523085938993468,
      "est_y": 0.5008456115411231,
      "est_theta": -1.437607908782624,
      "rmse": 1.513318336297894,
      "heading_error": -0.5341272355209986,
      "variance": 1.437700232360465e-26,
      "ess": 1.0,
      "max_weight_particle_idx": 0,
      "max_weight_particle_x": -7.52308593899347,
      "max_weight_particle_y": 0.5008456115411231
    },
    {
      "timestep": 27,
      "true_x": -8.112365823049783,
      "true_y": -0.9227467192204455,
      "true_theta": -0.7469325951246291,
      "est_x": -7.280934878256051,
      "est_y": -0.4603678381773014,
      "est_theta": -1.324009301449551,
      "rmse": 0.9513525348656554,
      "heading_error": -0.577076706324922,
      "variance": 7.018523207142553e-27,
      "ess": 1.0000000234101754,
      "max_weight_particle_idx": 0,
      "max_weight_particle_x": -7.280934878256048,
      "max_weight_particle_y": -0.4603678381773013
    },
    {
      "timestep": 28,
      "true_x": -7.286728671929679,
      "true_y": -1.4504270693440644,
      "true_theta": -0.5686879064587123,
      "est_x": -6.92085398311107,
      "est_y": -1.3984796973536295,
      "est_theta": -1.2043204912102377,
      "rmse": 0.3695440668916586,
      "heading_error": -0.6356325847515254,
      "variance": 6.44026032259786e-05,
      "ess": 2.5350244316848696,
      "max_weight_particle_idx": 0,
      "max_weight_particle_x": -6.922699337476125,
      "max_weight_particle_y": -1.3974564480195135
    },
    {
      "timestep": 29,
      "true_x": -6.368330040107789,
      "true_y": -1.8200653846429367,
      "true_theta": -0.38264363445457106,
      "est_x": -6.288368060767141,
      "est_y": -2.2900866701550195,
      "est_theta": -0.9631137607951777,
      "rmse": 0.4767745032764496,
      "heading_error": -0.5804701263406067,
      "variance": 0.00019120353549626737,
      "ess": 1.0268671409886168,
      "max_weight_particle_idx": 0,
      "max_weight_particle_x": -6.372082616643404,
      "max_weight_particle_y": -2.210973601143826
    }
  ],
  "final_rmse": 0.4767745032764496,
  "mean_rmse": 3.1566739104596713,
  "mean_ess": 1.1271258981645926,
  "weight_failures": 0,
  "diverged": false
}