{
  "config": {
    "num_timesteps": 30,
    "initial_pose": [
      0.0,
      0.0,
      0.7853981633974483
    ],
    "landmarks": [
      [
        5,
        5
      ],
      [
        10,
        10
      ],
      [
        5,
        15
      ],
      [
        15,
        5
      ],
      [
        15,
        15
      ],
      [
        10,
        20
      ]
    ],
    "seed": 0,
    "init_range": 5.0,
    "resample_method": "systematic",
    "rejuvenation_sigma": 0.0,
    "create_animation": false,
    "divergence_threshold": 10.0,
    "name": "exp_06_N300_meas0.05",
    "num_particles": 300,
    "robot_motion_noise_trans": 0.02,
    "robot_motion_noise_theta": 0.017453292519943295,
    "particle_motion_noise_trans": 0.02,
    "particle_motion_noise_theta": 0.017453292519943295,
    "meas_noise": 0.05
  },
  "stats": [
    {
      "timestep": 0,
      "true_x": 0.5441751880268939,
      "true_y": 0.8255521564556464,
      "true_theta": 0.988005096309464,
      "est_x": 0.49952815590023925,
      "est_y": 0.998557919825244,
      "est_theta": 1.282389148929906,
      "rmse": 0.17867386948520406,
      "heading_error": 0.294384052620442,
      "variance": 1.84673570507403e-29,
      "ess": 1.0,
      "max_weight_particle_idx": 0,
      "max_weight_particle_x": 0.49952815590023913,
      "max_weight_particle_y": 0.9985579198252438
    },
    {
      "timestep": 1,
      "true_x": 0.944254930136957,
      "true_y": 1.7385732753319822,
      "true_theta": 1.1578041113488,
      "est_x": 0.6414271315853385,
      "est_y": 1.9865953834323336,
      "est_theta": 1.4281263451239123,
      "rmse": 0.3914328060883017,
      "heading_error": 0.27032223377511233,
      "variance": 0.00032945869621503406,
      "ess": 35.35557943678495,
      "max_weight_particle_idx": 0,
      "max_weight_particle_x": 0.6181231854339241,
      "max_weight_particle_y": 2.0014172994481503
    },
    {
      "timestep": 2,
      "true_x": 1.144907310803339,
      "true_y": 2.7023952089580296,
      "true_theta": 1.365543988518149,
      "est_x": 0.6762950807600352,
      "est_y": 2.98787241962638,
      "est_theta": 1.5419115852673315,
      "rmse": 0.5487209308538722,
      "heading_error": 0.17636759674918245,
      "variance": 4.492899276439837e-06,
      "ess": 1.065386093340605,
      "max_weight_particle_idx": 0,
      "max_weight_particle_x": 0.6766366005039524,
      "max_weight_particle_y": 2.9877466878939583
    },
    {
      "timestep": 3,
      "true_x": 1.1793168836795145,
      "true_y": 3.676673168834217,
      "true_theta": 1.5354929760916558,
      "est_x": 0.5794354564538896,
      "est_y": 4.019084985240245,
      "est_theta": 1.6647624210798266,
      "rmse": 0.6907268481423958,
      "heading_error": 0.12926944498817083,
      "variance": 4.1567554544905794e-05,
      "ess": 1.0374057447361582,
      "max_weight_particle_idx": 0,
      "max_weight_particle_x": 0.5792761816343592,
      "max_weight_particle_y": 4.019909100738618
    },
    {
      "timestep": 4,
      "true_x": 1.0246132953430405,
      "true_y": 4.640610158802528,
      "true_theta": 1.7299306775875731,
      "est_x": 0.3507537543849645,
      "est_y": 5.02230182895422,
      "est_theta": 1.7949634853084475,
      "rmse": 0.774451555620761,
      "heading_error": 0.06503280772087439,
      "variance": 0.00021052313117555417,
      "ess": 1.2546883975000174,
      "max_weight_particle_idx": 0,
      "max_weight_particle_x": 0.35012365570588627,
      "max_weight_particle_y": 5.027439228129754
    },
    {
      "timestep": 5,
      "true_x": 0.6886910182978543,
      "true_y": 5.6079017374654505,
      "true_theta": 1.9050470917145188,
      "est_x": 0.005605420359865134,
      "est_y": 5.951665505463888,
      "est_theta": 1.9272891897147304,
      "rmse": 0.7647087434433999,
      "heading_error": 0.022242098000211596,
      "variance": 7.80021349335285e-05,
      "ess": 2.2238828763287275,
      "max_weight_particle_idx": 0,
      "max_weight_particle_x": 0.0021521487984375587,
      "max_weight_particle_y": 5.943990011143346
    },
    {
      "timestep": 6,
      "true_x": 0.1930228734746559,
      "true_y": 6.488439045327063,
      "true_theta": 2.083501402698088,
      "est_x": -0.4519319631400853,
      "est_y": 6.831148382424278,
      "est_theta": 2.0511889178340157,
      "rmse": 0.7303536342117839,
      "heading_error": -0.03231248486407212,
      "variance": 8.530630959825368e-05,
      "ess": 1.4291849694128445,
      "max_weight_particle_idx": 0,
      "max_weight_particle_x": -0.45452963947517755,
      "max_weight_particle_y": 6.812945254864932
    },
    {
      "timestep": 7,
      "true_x": -0.45257494889719113,
      "true_y": 7.305794733105922,
      "true_theta": 2.239324635681244,
      "est_x": -1.0035078146716998,
      "est_y": 7.654820517751016,
      "est_theta": 2.1634483779526157,
      "rmse": 0.6521855724697045,
      "heading_error": -0.07587625772862827,
      "variance": 9.286701642842558e-06,
      "ess": 1.0095388036228772,
      "max_weight_particle_idx": 0,
      "max_weight_particle_x": -1.00987975033488,
      "max_weight_particle_y": 7.6181719573333435
    },
    {
      "timestep": 8,
      "true_x": -1.1556234514145902,
      "true_y": 7.963109362237347,
      "true_theta": 2.389800704656545,
      "est_x": -1.6523912006988457,
      "est_y": 8.351753585053245,
      "est_theta": 2.3207421985517884,
      "rmse": 0.6307317406450373,
      "heading_error": -0.06905850610475639,
      "variance": 5.2107950809104756e-05,
      "ess": 2.9782663640166023,
      "max_weight_particle_idx": 0,
      "max_weight_particle_x": -1.6519780872689247,
      "max_weight_particle_y": 8.350936266287158
    },
    {
      "timestep": 9,
      "true_x": -1.9577585508086068,
      "true_y": 8.479341689053928,
      "true_theta": 2.569748957508819,
      "est_x": -2.3958436822714475,
      "est_y": 8.91322354235114,
      "est_theta": 2.494135707064934,
      "rmse": 0.616580931451369,
      "heading_error": -0.07561325044388491,
      "variance": 0.00015524348715359741,
      "ess": 2.0054205603043624,
      "max_weight_particle_idx": 0,
      "max_weight_particle_x": -2.3998349972629294,
      "max_weight_particle_y": 8.939673529586125
    },
    {
      "timestep": 10,
      "true_x": -2.871002676255268,
      "true_y": 8.84320754853198,
      "true_theta": 2.762438564649119,
      "est_x": -3.230757277436683,
      "est_y": 9.361850233407136,
      "est_theta": 2.651373506622868,
      "rmse": 0.6312001327991851,
      "heading_error": -0.11106505802625088,
      "variance": 0.0005748570032655816,
      "ess": 1.9386276861716927,
      "max_weight_particle_idx": 0,
      "max_weight_particle_x": -3.2243470652000124,
      "max_weight_particle_y": 9.380781321058278
    },
    {
      "timestep": 11,
      "true_x": -3.872780192239058,
      "true_y": 9.077438022985676,
      "true_theta": 2.9119041005966655,
      "est_x": -4.142853753223961,
      "est_y": 9.635284145811742,
      "est_theta": 2.82542234339388,
      "rmse": 0.6197838535289054,
      "heading_error": -0.08648175720278539,
      "variance": 0.0005727500035535084,
      "ess": 2.070867241173629,
      "max_weight_particle_idx": 0,
      "max_weight_particle_x": -4.127681796255586,
      "max_weight_particle_y": 9.703271654123638
    },
    {
      "timestep": 12,
      "true_x": -4.87385369980176,
      "true_y": 9.146945525643162,
      "true_theta": 3.0722709434213074,
      "est_x": -5.078104521888528,
      "est_y": 9.751814238556133,
      "est_theta": 3.0085899973364216,
      "rmse": 0.6384234943860655,
      "heading_error": -0.06368094608488573,
      "variance": 6.964330358070089e-05,
      "ess": 1.3232204282989588,
      "max_weight_particle_idx": 0,
      "max_weight_particle_x": -5.100869769268465,
      "max_weight_particle_y": 9.737348985609916
    },
    {
      "timestep": 13,
      "true_x": -5.843733586985089,
      "true_y": 9.06088418924114,
      "true_theta": -3.053090433663608,
      "est_x": -6.026127186518527,
      "est_y": 9.676719103607898,
      "est_theta": -3.061234855772962,
      "rmse": 0.6422772508067492,
      "heading_error": -0.008144422109353844,
      "variance": 0.00014489743154848884,
      "ess": 1.5176147005154348,
      "max_weight_particle_idx": 0,
      "max_weight_particle_x": -6.010772041349169,
      "max_weight_particle_y": 9.734935570710872
    },
    {
      "timestep": 14,
      "true_x": -6.779457791536944,
      "true_y": 8.805236866226027,
      "true_theta": -2.8748932282868647,
      "est_x": -6.963682506145997,
      "est_y": 9.392025083923343,
      "est_theta": -2.8519820290367144,
      "rmse": 0.6150277700243949,
      "heading_error": 0.022911199250150286,
      "variance": 0.00033112926685984075,
      "ess": 8.134233232644295,
      "max_weight_particle_idx": 0,
      "max_weight_particle_x": -6.96047615239941,
      "max_weight_particle_y": 9.422072010229492
    },
    {
      "timestep": 15,
      "true_x": -7.673988989772239,
      "true_y": 8.368082283034509,
      "true_theta": -2.6870283800773906,
      "est_x": -7.820876328581073,
      "est_y": 8.894565518453062,
      "est_theta": -2.6256384774722004,
      "rmse": 0.5465898713652939,
      "heading_error": 0.06138990260519028,
      "variance": 0.0007281688690943633,
      "ess": 4.672040326740999,
      "max_weight_particle_idx": 0,
      "max_weight_particle_x": -7.81496027962434,
      "max_weight_particle_y": 8.914913038470845
    },
    {
      "timestep": 16,
      "true_x": -8.447940008719186,
      "true_y": 7.7765077255112605,
      "true_theta": -2.4889664680213093,
      "est_x": -8.56464344913131,
      "est_y": 8.22293284841018,
      "est_theta": -2.4142764081930346,
      "rmse": 0.4614272243369925,
      "heading_error": 0.07469005982827472,
      "variance": 0.0007600490763123294,
      "ess": 12.83429227948981,
      "max_weight_particle_idx": 0,
      "max_weight_particle_x": -8.562190887856731,
      "max_weight_particle_y": 8.268671696510197
    },
    {
      "timestep": 17,
      "true_x": -9.136945437799321,
      "true_y": 7.049980542271724,
      "true_theta": -2.3296935324825174,
      "est_x": -9.17535698562383,
      "est_y": 7.3551585294694135,
      "est_theta": -2.19752420728175,
      "rmse": 0.3075858431012514,
      "heading_error": 0.1321693252007674,
      "variance": 0.0009936456918215703,
      "ess": 4.432226814668273,
      "max_weight_particle_idx": 0,
      "max_weight_particle_x": -9.217918174005773,
      "max_weight_particle_y": 7.44436574045886
    },
    {
      "timestep": 18,
      "true_x": -9.696838542478373,
      "true_y": 6.243123188352621,
      "true_theta": -2.1774289585349136,
      "est_x": -9.669056045732576,
      "est_y": 6.453935153322399,
      "est_theta": -2.05562042453422,
      "rmse": 0.2126347847833202,
      "heading_error": 0.12180853400069357,
      "variance": 0.0013739865236098545,
      "ess": 10.432112120193842,
      "max_weight_particle_idx": 0,
      "max_weight_particle_x": -9.685966790315932,
      "max_weight_particle_y": 6.497015025392262
    },
    {
      "timestep": 19,
      "true_x": -10.107961492871416,
      "true_y": 5.324586475465227,
      "true_theta": -1.9916398470386403,
      "est_x": -10.054343638499478,
      "est_y": 5.496340361693951,
      "est_theta": -1.9295036705436357,
      "rmse": 0.17992851842362229,
      "heading_error": 0.06213617649500459,
      "variance": 0.001450564703094369,
      "ess": 2.1612065978149224,
      "max_weight_particle_idx": 0,
      "max_weight_particle_x": -10.051824228282014,
      "max_weight_particle_y": 5.508989864842203
    },
    {
      "timestep": 20,
      "true_x": -10.348120776492568,
      "true_y": 4.328308418143058,
      "true_theta": -1.807340010665602,
      "est_x": -10.298032041036297,
      "est_y": 4.524029146618929,
      "est_theta": -1.8011136494522415,
      "rmse": 0.2020284261551676,
      "heading_error": 0.0062263612133603985,
      "variance": 0.00046412955113351754,
      "ess": 3.923150942902756,
      "max_weight_particle_idx": 0,
      "max_weight_particle_x": -10.245429027432225,
      "max_weight_particle_y": 4.471904249166797
    },
    {
      "timestep": 21,
      "true_x": -10.407249095842747,
      "true_y": 3.322865769384639,
      "true_theta": -1.62953691950334,
      "est_x": -10.400098879083817,
      "est_y": 3.515432007938238,
      "est_theta": -1.6590900656645127,
      "rmse": 0.19269894091660547,
      "heading_error": -0.029553146161172664,
      "variance": 0.0005555880024155022,
      "ess": 8.48002687854569,
      "max_weight_particle_idx": 0,
      "max_weight_particle_x": -10.374636233474728,
      "max_weight_particle_y": 3.495642679450734
    },
    {
      "timestep": 22,
      "true_x": -10.269529047502115,
      "true_y": 2.3377032165855436,
      "true_theta": -1.431902197636595,
      "est_x": -10.330030816828797,
      "est_y": 2.510250817651658,
      "est_theta": -1.4976147483925193,
      "rmse": 0.18284730986626546,
      "heading_error": -0.06571255075592419,
      "variance": 0.0013548884184411188,
      "ess": 120.24812279465799,
      "max_weight_particle_idx": 0,
      "max_weight_particle_x": -10.276271940860951,
      "max_weight_particle_y": 2.504691571462525
    },
    {
      "timestep": 23,
      "true_x": -9.960090999490308,
      "true_y": 1.437966492895146,
      "true_theta": -1.23954763273832,
      "est_x": -10.01926246326731,
      "est_y": 1.5267561268315624,
      "est_theta": -1.2889934198021837,
      "rmse": 0.10669986513616517,
      "heading_error": -0.04944578706386382,
      "variance": 0.001008747126397053,
      "ess": 34.82261194362938,
      "max_weight_particle_idx": 0,
      "max_weight_particle_x": -10.00757298756255,
      "max_weight_particle_y": 1.5360086432184077
    },
    {
      "timestep": 24,
      "true_x": -9.464292168536444,
      "true_y": 0.5603222757926984,
      "true_theta": -1.0565703775905444,
      "est_x": -9.527919627644218,
      "est_y": 0.6457251037008079,
      "est_theta": -1.08592492432668,
      "rmse": 0.10649927965584396,
      "heading_error": -0.029354546736135582,
      "variance": 0.0010473999567669388,
      "ess": 38.685937086901575,
      "max_weight_particle_idx": 0,
      "max_weight_particle_x": -9.56288817258919,
      "max_weight_particle_y": 0.6496666274456138
    },
    {
      "timestep": 25,
      "true_x": -8.819887771326924,
      "true_y": -0.23372447206071567,
      "true_theta": -0.8890554935048163,
      "est_x": -8.879317593143568,
      "est_y": -0.13404342168929217,
      "est_theta": -0.8926227475681517,
      "rmse": 0.11605264117765009,
      "heading_error": -0.0035672540633354677,
      "variance": 0.0013321623644555031,
      "ess": 106.6232042662085,
      "max_weight_particle_idx": 0,
      "max_weight_particle_x": -8.90385974804817,
      "max_weight_particle_y": -0.10685886191321536
    },
    {
      "timestep": 26,
      "true_x": -8.045372687478105,
      "true_y": -0.8802759771917777,
      "true_theta": -0.6955928117002665,
      "est_x": -8.097450287323564,
      "est_y": -0.8156727280692277,
      "est_theta": -0.7133777292510076,
      "rmse": 0.08297985419879955,
      "heading_error": -0.017784917550741075,
      "variance": 0.0017853497465056545,
      "ess": 104.24461161005033,
      "max_weight_particle_idx": 0,
      "max_weight_particle_x": -8.156097789106493,
      "max_weight_particle_y": -0.7752175707884172
    },
    {
      "timestep": 27,
      "true_x": -7.142207146128769,
      "true_y": -1.386794684006135,
      "true_theta": -0.5111168974918339,
      "est_x": -7.204511946451055,
      "est_y": -1.313698668261991,
      "est_theta": -0.5202772996512283,
      "rmse": 0.09604642450850605,
      "heading_error": -0.009160402159394399,
      "variance": 0.0016638154865306386,
      "ess": 97.81859021738254,
      "max_weight_particle_idx": 0,
      "max_weight_particle_x": -7.211946761563644,
      "max_weight_particle_y": -1.3389392208217825
    },
    {
      "timestep": 28,
      "true_x": -6.178372920846323,
      "true_y": -1.7187439267472064,
      "true_theta": -0.3316816628102369,
      "est_x": -6.254068583349691,
      "est_y": -1.642373455917027,
      "est_theta": -0.3374574264900495,
      "rmse": 0.10752805278924706,
      "heading_error": -0.005775763679812584,
      "variance": 0.002057091812353918,
      "ess": 184.14510352528157,
      "max_weight_particle_idx": 0,
      "max_weight_particle_x": -6.258735490001492,
      "max_weight_particle_y": -1.6854746486161334
    },
    {
      "timestep": 29,
      "true_x": -5.18510305230332,
      "true_y": -1.8625116325908342,
      "true_theta": -0.1437435659777533,
      "est_x": -5.269823379247543,
      "est_y": -1.7810360144781203,
      "est_theta": -0.1544384049813724,
      "rmse": 0.11754067442542997,
      "heading_error": -0.010694839003619089,
      "variance": 0.0019927330560969288,
      "ess": 175.8078056865457,
      "max_weight_particle_idx": 0,
      "max_weight_particle_x": -5.241336128021319,
      "max_weight_particle_y": -1.8490223268570312
    }
  ],
  "final_rmse": 0.11754067442542997,
  "mean_rmse": 0.4048122281599096,
  "mean_ess": 32.45583198752884,
  "weight_failures": 0,
  "diverged": false
}