{
  "config": {
    "num_timesteps": 30,
    "initial_pose": [
      0.0,
      0.0,
      0.7853981633974483
    ],
    "landmarks": [
      [
        5,
        5
      ],
      [
        10,
        10
      ],
      [
        5,
        15
      ],
      [
        15,
        5
      ],
      [
        15,
        15
      ],
      [
        10,
        20
      ]
    ],
    "seed": 0,
    "init_range": 5.0,
    "resample_method": "systematic",
    "rejuvenation_sigma": 0.0,
    "create_animation": false,
    "divergence_threshold": 10.0,
    "name": "exp_05_N300_trans0.10_theta5deg",
    "num_particles": 300,
    "robot_motion_noise_trans": 0.1,
    "robot_motion_noise_theta": 0.08726646259971647,
    "particle_motion_noise_trans": 0.1,
    "particle_motion_noise_theta": 0.08726646259971647,
    "meas_noise": 0.1
  },
  "stats": [
    {
      "timestep": 0,
      "true_x": 0.42786981191408646,
      "true_y": 0.8412879299336341,
      "true_theta": 1.1003011271597958,
      "est_x": 0.2938740108418295,
      "est_y": 1.0611012622190015,
      "est_theta": 0.047350782616449476,
      "rmse": 0.25743499326119823,
      "heading_error": -1.0529503445433464,
      "variance": 0.026558564535318102,
      "ess": 1.8926964215845428,
      "max_weight_particle_idx": 0,
      "max_weight_particle_x": 0.16634380237764168,
      "max_weight_particle_y": 1.057376237982028
    },
    {
      "timestep": 1,
      "true_x": 0.7371075623799216,
      "true_y": 1.7755950132238336,
      "true_theta": 1.2511645015587436,
      "est_x": 0.6074031243882182,
      "est_y": 1.9255403868952712,
      "est_theta": 1.4453840535251872,
      "rmse": 0.19825956804202582,
      "heading_error": 0.19421955196644358,
      "variance": 0.007689303016626004,
      "ess": 21.342085151827817,
      "max_weight_particle_idx": 0,
      "max_weight_particle_x": 0.47344016134319383,
      "max_weight_particle_y": 1.9674437660980018
    },
    {
      "timestep": 2,
      "true_x": 0.7177970328088673,
      "true_y": 2.697826453776125,
      "true_theta": 1.5917321866077574,
      "est_x": 0.7911667700607277,
      "est_y": 2.7515620013167537,
      "est_theta": 1.45624739733352,
      "rmse": 0.09094298991070267,
      "heading_error": -0.13548478927423746,
      "variance": 0.005048817154042499,
      "ess": 6.467961760522184,
      "max_weight_particle_idx": 0,
      "max_weight_particle_x": 0.6636080329084049,
      "max_weight_particle_y": 2.807214798783403
    },
    {
      "timestep": 3,
      "true_x": 0.5676630260625118,
      "true_y": 3.5592685250094513,
      "true_theta": 1.7433454236775592,
      "est_x": 0.5699655964142294,
      "est_y": 3.6743922536107023,
      "est_theta": 1.7590656137079892,
      "rmse": 0.1151467529602077,
      "heading_error": 0.015720190030430015,
      "variance": 0.01067561612553794,
      "ess": 29.731431839111977,
      "max_weight_particle_idx": 0,
      "max_weight_particle_x": 0.6562128797016759,
      "max_weight_particle_y": 3.7442033696895636
    },
    {
      "timestep": 4,
      "true_x": 0.18699684470348632,
      "true_y": 4.354184797800877,
      "true_theta": 2.0174022303594135,
      "est_x": 0.2128178427208811,
      "est_y": 4.418835289371871,
      "est_theta": 2.0084240894571197,
      "rmse": 0.06961616190932586,
      "heading_error": -0.008978140902293763,
      "variance": 0.009451189330275259,
      "ess": 30.15022133737549,
      "max_weight_particle_idx": 0,
      "max_weight_particle_x": 0.2848013704427738,
      "max_weight_particle_y": 4.465411890541937
    },
    {
      "timestep": 5,
      "true_x": -0.4673416178277222,
      "true_y": 5.262924551802787,
      "true_theta": 2.19485260019641,
      "est_x": -0.4298385341776051,
      "est_y": 5.233743974001751,
      "est_theta": 2.234743596956743,
      "rmse": 0.04751828494453508,
      "heading_error": 0.03989099676033314,
      "variance": 0.007492766743728599,
      "ess": 78.77398957500729,
      "max_weight_particle_idx": 0,
      "max_weight_particle_x": -0.49380456735981415,
      "max_weight_particle_y": 5.2972012870667395
    },
    {
      "timestep": 6,
      "true_x": -1.2354363488825408,
      "true_y": 5.9822184637972065,
      "true_theta": 2.388992454316522,
      "est_x": -1.3069810259076236,
      "est_y": 5.9271057178654045,
      "est_theta": 2.470297931824128,
      "rmse": 0.090310882925408,
      "heading_error": 0.08130547750760586,
      "variance": 0.007597347090752014,
      "ess": 54.851876041819665,
      "max_weight_particle_idx": 0,
      "max_weight_particle_x": -1.2983325006735358,
      "max_weight_particle_y": 5.835087906914128
    },
    {
      "timestep": 7,
      "true_x": -2.180959970029219,
      "true_y": 6.733803301275272,
      "true_theta": 2.469976918434571,
      "est_x": -2.2577873819679395,
      "est_y": 6.660865401456061,
      "est_theta": 2.5472395878904335,
      "rmse": 0.10593577514342938,
      "heading_error": 0.07726266945586246,
      "variance": 0.004971228641186009,
      "ess": 7.280908091031716,
      "max_weight_particle_idx": 0,
      "max_weight_particle_x": -2.170113229169283,
      "max_weight_particle_y": 6.615165283301222
    },
    {
      "timestep": 8,
      "true_x": -2.843335983493217,
      "true_y": 7.204051615572213,
      "true_theta": 2.524225562513344,
      "est_x": -2.91090495327487,
      "est_y": 7.47413071064719,
      "est_theta": 2.4905039690373934,
      "rmse": 0.27840309494305565,
      "heading_error": -0.03372159347595049,
      "variance": 0.0013211416850613306,
      "ess": 1.0389320296878999,
      "max_weight_particle_idx": 0,
      "max_weight_particle_x": -2.9118085568448215,
      "max_weight_particle_y": 7.479243985116031
    },
    {
      "timestep": 9,
      "true_x": -3.54726195983305,
      "true_y": 7.51483043050874,
      "true_theta": 2.7258351259769835,
      "est_x": -3.5253299431850404,
      "est_y": 7.734950623895327,
      "est_theta": 2.7156788093984296,
      "rmse": 0.22121011028159893,
      "heading_error": -0.01015631657855387,
      "variance": 0.005571439552192782,
      "ess": 2.6522537069951735,
      "max_weight_particle_idx": 0,
      "max_weight_particle_x": -3.546441730243884,
      "max_weight_particle_y": 7.868932824600406
    },
    {
      "timestep": 10,
      "true_x": -4.452239364072931,
      "true_y": 7.652012804582731,
      "true_theta": 2.991151460880752,
      "est_x": -4.532128398976868,
      "est_y": 7.7899859497385195,
      "est_theta": 3.0863772796297626,
      "rmse": 0.15943289084145282,
      "heading_error": 0.09522581874901048,
      "variance": 0.007015545893842096,
      "ess": 6.159934208348797,
      "max_weight_particle_idx": 0,
      "max_weight_particle_x": -4.642228388992294,
      "max_weight_particle_y": 7.916602925083885
    },
    {
      "timestep": 11,
      "true_x": -5.590363302722253,
      "true_y": 7.767637751061829,
      "true_theta": 3.040347439820753,
      "est_x": -5.526042751749022,
      "est_y": 7.734307309644347,
      "est_theta": -3.0698990500857546,
      "rmse": 0.07244343726373172,
      "heading_error": 0.17293881727307905,
      "variance": 0.012536154417523235,
      "ess": 94.73771554730787,
      "max_weight_particle_idx": 0,
      "max_weight_particle_x": -5.577664690299027,
      "max_weight_particle_y": 7.86142692844888
    },
    {
      "timestep": 12,
      "true_x": -6.607778542391229,
      "true_y": 7.765137652012543,
      "true_theta": -3.139135354033356,
      "est_x": -6.5723004693973595,
      "est_y": 7.697839792289327,
      "est_theta": -3.0064360818780216,
      "rmse": 0.07607690573810187,
      "heading_error": 0.13269927215533442,
      "variance": 0.014045526131977907,
      "ess": 39.83965084832135,
      "max_weight_particle_idx": 0,
      "max_weight_particle_x": -6.592908708075565,
      "max_weight_particle_y": 7.709443161771892
    },
    {
      "timestep": 13,
      "true_x": -7.472443049449344,
      "true_y": 7.684102858561983,
      "true_theta": -3.048147404357732,
      "est_x": -7.385519931151458,
      "est_y": 7.475902118830895,
      "est_theta": -2.8541346389767845,
      "rmse": 0.22561732318064698,
      "heading_error": 0.19401276538094736,
      "variance": 0.011266027089904884,
      "ess": 40.43211889961086,
      "max_weight_particle_idx": 0,
      "max_weight_particle_x": -7.433206018364811,
      "max_weight_particle_y": 7.521592330857287
    },
    {
      "timestep": 14,
      "true_x": -8.287931564012485,
      "true_y": 7.444033424968904,
      "true_theta": -2.855293078271747,
      "est_x": -8.294903188528135,
      "est_y": 7.23381667781509,
      "est_theta": -2.7958351526602483,
      "rmse": 0.21033231880126635,
      "heading_error": 0.05945792561149865,
      "variance": 0.010193483516462511,
      "ess": 42.9795725038362,
      "max_weight_particle_idx": 0,
      "max_weight_particle_x": -8.396601911784858,
      "max_weight_particle_y": 7.279538543339433
    },
    {
      "timestep": 15,
      "true_x": -9.133147839432965,
      "true_y": 6.951650054683786,
      "true_theta": -2.6141005380221074,
      "est_x": -9.117733517465377,
      "est_y": 6.830638653217067,
      "est_theta": -2.65223772398908,
      "rmse": 0.12198918233458272,
      "heading_error": -0.0381371859669728,
      "variance": 0.01408630249165755,
      "ess": 74.4377738820766,
      "max_weight_particle_idx": 0,
      "max_weight_particle_x": -9.227688143539162,
      "max_weight_particle_y": 6.799652791150692
    },
    {
      "timestep": 16,
      "true_x": -9.727388746346882,
      "true_y": 6.315215136639312,
      "true_theta": -2.3219226785394316,
      "est_x": -9.745928015126434,
      "est_y": 6.287789947311987,
      "est_theta": -2.4421125917807864,
      "rmse": 0.03310355715810715,
      "heading_error": -0.12018991324135485,
      "variance": 0.013856081040814275,
      "ess": 26.58776159719305,
      "max_weight_particle_idx": 0,
      "max_weight_particle_x": -9.713386332498661,
      "max_weight_particle_y": 6.096509244381183
    },
    {
      "timestep": 17,
      "true_x": -10.338776933270283,
      "true_y": 5.515784952481195,
      "true_theta": -2.223689701643204,
      "est_x": -10.284815076874725,
      "est_y": 5.438079969911906,
      "est_theta": -2.1941938886603043,
      "rmse": 0.09460415562621158,
      "heading_error": 0.029495812982899494,
      "variance": 0.01577769260663002,
      "ess": 82.85478706665344,
      "max_weight_particle_idx": 0,
      "max_weight_particle_x": -10.242455571024763,
      "max_weight_particle_y": 5.188211325214267
    },
    {
      "timestep": 18,
      "true_x": -10.84508812174706,
      "true_y": 4.759107775617001,
      "true_theta": -2.160498532702916,
      "est_x": -10.780033573955189,
      "est_y": 4.588525568361298,
      "est_theta": -2.066307052700513,
      "rmse": 0.1825661075354139,
      "heading_error": 0.09419148000240307,
      "variance": 0.016931453480980137,
      "ess": 104.1323227345605,
      "max_weight_particle_idx": 0,
      "max_weight_particle_x": -10.745785767384403,
      "max_weight_particle_y": 4.4083240680816695
    },
    {
      "timestep": 19,
      "true_x": -11.207465955151122,
      "true_y": 3.7931126702344553,
      "true_theta": -1.929684676019281,
      "est_x": -11.154502601044385,
      "est_y": 3.680275134691155,
      "est_theta": -1.9457826068095272,
      "rmse": 0.12464921301685442,
      "heading_error": -0.01609793079024624,
      "variance": 0.019054711830825955,
      "ess": 93.86986791920124,
      "max_weight_particle_idx": 0,
      "max_weight_particle_x": -11.27345900356894,
      "max_weight_particle_y": 3.835054800358728
    },
    {
      "timestep": 20,
      "true_x": -11.35933592520236,
      "true_y": 2.679342602537238,
      "true_theta": -1.7063171949518208,
      "est_x": -11.264945081297277,
      "est_y": 2.6450235254965446,
      "est_theta": -1.706627121995334,
      "rmse": 0.10043620095383365,
      "heading_error": -0.0003099270435131807,
      "variance": 0.01617458948080785,
      "ess": 96.85056586313574,
      "max_weight_particle_idx": 0,
      "max_weight_particle_x": -11.406317558802474,
      "max_weight_particle_y": 2.8253565919125316
    },
    {
      "timestep": 21,
      "true_x": -11.30201486833856,
      "true_y": 1.6450309148562081,
      "true_theta": -1.5154334399382425,
      "est_x": -11.287212051426948,
      "est_y": 1.5496547568088248,
      "est_theta": -1.5877873198094268,
      "rmse": 0.09651805485191947,
      "heading_error": -0.07235387987118425,
      "variance": 0.02006568720822737,
      "ess": 59.4064990401567,
      "max_weight_particle_idx": 0,
      "max_weight_particle_x": -11.286965081142544,
      "max_weight_particle_y": 1.777267736269295
    },
    {
      "timestep": 22,
      "true_x": -10.972338122823544,
      "true_y": 0.7288287177143731,
      "true_theta": -1.2253915314022494,
      "est_x": -10.982263785245504,
      "est_y": 0.6626206583924785,
      "est_theta": -1.2776916315667262,
      "rmse": 0.06694793420028892,
      "heading_error": -0.052300100164476726,
      "variance": 0.021808101483925174,
      "ess": 36.93620949309932,
      "max_weight_particle_idx": 0,
      "max_weight_particle_x": -11.01871793221795,
      "max_weight_particle_y": 0.8356250778267615
    },
    {
      "timestep": 23,
      "true_x": -10.53909508417354,
      "true_y": 0.1076914514138313,
      "true_theta": -0.9617504077086056,
      "est_x": -10.405112051123595,
      "est_y": -0.1758160618379901,
      "est_theta": -0.9985828496906787,
      "rmse": 0.313572899363919,
      "heading_error": -0.03683244198207303,
      "variance": 0.02014149296477362,
      "ess": 62.50252474271317,
      "max_weight_particle_idx": 0,
      "max_weight_particle_x": -10.633895362056233,
      "max_weight_particle_y": 0.0867970604719992
    },
    {
      "timestep": 24,
      "true_x": -9.774579118541428,
      "true_y": -0.5974159753557539,
      "true_theta": -0.7449958327674604,
      "est_x": -9.681827184427991,
      "est_y": -0.7493873312233512,
      "est_theta": -0.728149030868328,
      "rmse": 0.17803992329255616,
      "heading_error": 0.016846801899132346,
      "variance": 0.01673150736330118,
      "ess": 50.89928872774829,
      "max_weight_particle_idx": 0,
      "max_weight_particle_x": -9.69159490120476,
      "max_weight_particle_y": -0.6351934976977834
    },
    {
      "timestep": 25,
      "true_x": -8.859370986612324,
      "true_y": -1.2310330446872209,
      "true_theta": -0.6055531131365518,
      "est_x": -8.855865268392133,
      "est_y": -1.190064289460229,
      "est_theta": -0.521129597487765,
      "rmse": 0.04111847474175766,
      "heading_error": 0.0844235156487868,
      "variance": 0.015052857520968384,
      "ess": 101.99985521130392,
      "max_weight_particle_idx": 0,
      "max_weight_particle_x": -8.83104218370049,
      "max_weight_particle_y": -1.2018344021310101
    },
    {
      "timestep": 26,
      "true_x": -7.873351892914782,
      "true_y": -1.575803942036905,
      "true_theta": -0.3363714049115352,
      "est_x": -7.832818275896745,
      "est_y": -1.6306648236820727,
      "est_theta": -0.3685252378904379,
      "rmse": 0.06821063292075481,
      "heading_error": -0.03215383297890267,
      "variance": 0.017147319771261996,
      "ess": 80.58052743671126,
      "max_weight_particle_idx": 0,
      "max_weight_particle_x": -7.919171629562653,
      "max_weight_particle_y": -1.5722144691854734
    },
    {
      "timestep": 27,
      "true_x": -6.703224261466554,
      "true_y": -1.7075553639207268,
      "true_theta": -0.11212353466710395,
      "est_x": -6.754373460753923,
      "est_y": -1.6517580596637897,
      "est_theta": -0.06618224348575442,
      "rmse": 0.07569398754247418,
      "heading_error": 0.04594129118134953,
      "variance": 0.01716415302458948,
      "ess": 34.9964520342505,
      "max_weight_particle_idx": 0,
      "max_weight_particle_x": -6.665455476064507,
      "max_weight_particle_y": -1.8009431731514276
    },
    {
      "timestep": 28,
      "true_x": -5.610389275174968,
      "true_y": -1.612325171724352,
      "true_theta": 0.08692093794314888,
      "est_x": -5.736906584330612,
      "est_y": -1.49456372779343,
      "est_theta": 0.14768744894430633,
      "rmse": 0.1728420874459704,
      "heading_error": 0.060766511001157444,
      "variance": 0.016995589508995046,
      "ess": 110.21183443538906,
      "max_weight_particle_idx": 0,
      "max_weight_particle_x": -5.602596294698989,
      "max_weight_particle_y": -1.6672158682075988
    },
    {
      "timestep": 29,
      "true_x": -4.6467205782259695,
      "true_y": -1.2838807571357531,
      "true_theta": 0.32847972130783504,
      "est_x": -4.825655048482452,
      "est_y": -1.0883240465255977,
      "est_theta": 0.36819719442998994,
      "rmse": 0.2650659761467551,
      "heading_error": 0.0397174731221549,
      "variance": 0.015534467473586432,
      "ess": 101.84713112340204,
      "max_weight_particle_idx": 0,
      "max_weight_particle_x": -4.925099841958126,
      "max_weight_particle_y": -1.04796210011502
    }
  ],
  "final_rmse": 0.2650659761467551,
  "mean_rmse": 0.13846799590926956,
  "mean_ess": 52.548158308999454,
  "weight_failures": 0,
  "diverged": false
}