{
  "config": {
    "num_timesteps": 30,
    "initial_pose": [
      0.0,
      0.0,
      0.7853981633974483
    ],
    "landmarks": [
      [
        5,
        5
      ],
      [
        10,
        10
      ],
      [
        5,
        15
      ],
      [
        15,
        5
      ],
      [
        15,
        15
      ],
      [
        10,
        20
      ]
    ],
    "seed": 0,
    "init_range": 5.0,
    "resample_method": "systematic",
    "rejuvenation_sigma": 0.05,
    "create_animation": false,
    "divergence_threshold": 10.0,
    "name": "exp_09_N1000_high_noise_challenge",
    "num_particles": 1000,
    "robot_motion_noise_trans": 0.1,
    "robot_motion_noise_theta": 0.08726646259971647,
    "particle_motion_noise_trans": 0.1,
    "particle_motion_noise_theta": 0.08726646259971647,
    "meas_noise": 0.5
  },
  "stats": [
    {
      "timestep": 0,
      "true_x": 0.5677252985224801,
      "true_y": 1.067368162910559,
      "true_theta": 1.08196129769985,
      "est_x": -0.048693655781938204,
      "est_y": 1.550294086642256,
      "est_theta": 0.38990914497520984,
      "rmse": 0.7830643492318276,
      "heading_error": -0.6920521527246402,
      "variance": 0.4999973505105042,
      "ess": 17.230508544186502,
      "max_weight_particle_idx": 0,
      "max_weight_particle_x": -0.1865648614851591,
      "max_weight_particle_y": 1.6271382440951547
    },
    {
      "timestep": 1,
      "true_x": 0.806293079896306,
      "true_y": 2.05253388672997,
      "true_theta": 1.3332099418070582,
      "est_x": 0.35337805908925723,
      "est_y": 2.302052257804663,
      "est_theta": 1.0848911428994044,
      "rmse": 0.5170990558649453,
      "heading_error": -0.24831879890765385,
      "variance": 0.27077075169463904,
      "ess": 169.79000711821422,
      "max_weight_particle_idx": 0,
      "max_weight_particle_x": 0.7529885782323344,
      "max_weight_particle_y": 1.6563567012480604
    },
    {
      "timestep": 2,
      "true_x": 0.9194342484861237,
      "true_y": 3.0553949149669157,
      "true_theta": 1.45845296280112,
      "est_x": 0.6843675635769552,
      "est_y": 2.9965675763165898,
      "est_theta": 1.2015441079607916,
      "rmse": 0.24231591389520094,
      "heading_error": -0.25690885484032844,
      "variance": 0.6042879284246464,
      "ess": 407.59574132009703,
      "max_weight_particle_idx": 0,
      "max_weight_particle_x": 1.4272038337007884,
      "max_weight_particle_y": 2.3707698838419793
    },
    {
      "timestep": 3,
      "true_x": 0.9366459517699193,
      "true_y": 4.15449129705928,
      "true_theta": 1.555137739594596,
      "est_x": 1.7349115001413042,
      "est_y": 3.198678373997182,
      "est_theta": 0.8255173769778354,
      "rmse": 1.2453137073079943,
      "heading_error": -0.7296203626167606,
      "variance": 0.4856484523211751,
      "ess": 178.4613624348282,
      "max_weight_particle_idx": 0,
      "max_weight_particle_x": 2.070728992769381,
      "max_weight_particle_y": 3.1486301555082337
    },
    {
      "timestep": 4,
      "true_x": 0.905558579090208,
      "true_y": 5.17814935773694,
      "true_theta": 1.6011558991675334,
      "est_x": 1.0173737392134314,
      "est_y": 4.999428534805203,
      "est_theta": 1.6037823982377126,
      "rmse": 0.2108168934947564,
      "heading_error": 0.0026264990701792,
      "variance": 0.3183707164870985,
      "ess": 74.38099748342322,
      "max_weight_particle_idx": 0,
      "max_weight_particle_x": 2.156536987841156,
      "max_weight_particle_y": 4.462263129144671
    },
    {
      "timestep": 5,
      "true_x": 0.6953502319584203,
      "true_y": 6.305604260944824,
      "true_theta": 1.755124927711959,
      "est_x": 0.21424448892690728,
      "est_y": 6.640452347495134,
      "est_theta": 1.8033138224933796,
      "rmse": 0.586162074041223,
      "heading_error": 0.04818889478142063,
      "variance": 0.13341656794592843,
      "ess": 195.52917813219037,
      "max_weight_particle_idx": 0,
      "max_weight_particle_x": 1.2540689870026633,
      "max_weight_particle_y": 5.671467009656601
    },
    {
      "timestep": 6,
      "true_x": 0.4652518553705457,
      "true_y": 7.340863471729262,
      "true_theta": 1.7895028044110015,
      "est_x": 0.22207347888370677,
      "est_y": 7.409645920078573,
      "est_theta": 1.836154925129346,
      "rmse": 0.25271871318068323,
      "heading_error": 0.04665212071834458,
      "variance": 0.18977558779042814,
      "ess": 183.385634104274,
      "max_weight_particle_idx": 0,
      "max_weight_particle_x": 1.0226342543787221,
      "max_weight_particle_y": 6.681828641877732
    },
    {
      "timestep": 7,
      "true_x": 0.03634634123702335,
      "true_y": 8.227020606114085,
      "true_theta": 2.0215671937153665,
      "est_x": -0.09678627660002123,
      "est_y": 8.030336676753269,
      "est_theta": 2.0500709182401566,
      "rmse": 0.23750549888572062,
      "heading_error": 0.02850372452479011,
      "variance": 0.16228913653211527,
      "ess": 489.0417584029477,
      "max_weight_particle_idx": 0,
      "max_weight_particle_x": 0.4174355814422729,
      "max_weight_particle_y": 7.625349932359821
    },
    {
      "timestep": 8,
      "true_x": -0.34241634187663855,
      "true_y": 9.059392696360318,
      "true_theta": 1.9978336933268632,
      "est_x": -0.14209478440314208,
      "est_y": 9.061913869477785,
      "est_theta": 1.966274616157909,
      "rmse": 0.20033742212201788,
      "heading_error": -0.03155907716895423,
      "variance": 0.12142083628161088,
      "ess": 68.61408647628464,
      "max_weight_particle_idx": 0,
      "max_weight_particle_x": -0.33099420134399393,
      "max_weight_particle_y": 8.369692181484911
    },
    {
      "timestep": 9,
      "true_x": -0.969828145283171,
      "true_y": 9.808098017185813,
      "true_theta": 2.2682798336895833,
      "est_x": -0.9814553847700591,
      "est_y": 10.104998890507783,
      "est_theta": 2.223706285402717,
      "rmse": 0.2971284592182884,
      "heading_error": -0.04457354828686633,
      "variance": 0.1168338274025552,
      "ess": 178.08882147756327,
      "max_weight_particle_idx": 0,
      "max_weight_particle_x": -0.9907903201693301,
      "max_weight_particle_y": 9.346978936360337
    },
    {
      "timestep": 10,
      "true_x": -1.6749101208745725,
      "true_y": 10.555524371926195,
      "true_theta": 2.327050155120407,
      "est_x": -1.7182914483393683,
      "est_y": 10.72685562157482,
      "est_theta": 2.4088102527628714,
      "rmse": 0.17673804536309534,
      "heading_error": 0.08176009764246439,
      "variance": 0.11195782338447514,
      "ess": 748.8169317276493,
      "max_weight_particle_idx": 0,
      "max_weight_particle_x": -1.7295528831353915,
      "max_weight_particle_y": 10.070719752623265
    },
    {
      "timestep": 11,
      "true_x": -2.5480372167275265,
      "true_y": 11.292990208692482,
      "true_theta": 2.4402267651380396,
      "est_x": -2.5622275660296614,
      "est_y": 11.325917694216992,
      "est_theta": 2.570517922951055,
      "rmse": 0.03585505984213994,
      "heading_error": 0.13029115781301526,
      "variance": 0.10372819279770429,
      "ess": 761.6969514775438,
      "max_weight_particle_idx": 0,
      "max_weight_particle_x": -2.663817893489475,
      "max_weight_particle_y": 10.527877472924658
    },
    {
      "timestep": 12,
      "true_x": -3.3051380997657085,
      "true_y": 11.807578415707372,
      "true_theta": 2.5446331489900214,
      "est_x": -3.449626824995807,
      "est_y": 11.726658082406244,
      "est_theta": 2.7349363553341535,
      "rmse": 0.1656052295677421,
      "heading_error": 0.19030320634413211,
      "variance": 0.10521198064309706,
      "ess": 796.4549173329932,
      "max_weight_particle_idx": 0,
      "max_weight_particle_x": -3.283267032024791,
      "max_weight_particle_y": 11.64776717318717
    },
    {
      "timestep": 13,
      "true_x": -4.329588142624768,
      "true_y": 12.232111653139741,
      "true_theta": 2.748733498484257,
      "est_x": -4.564970547425202,
      "est_y": 11.970239438244917,
      "est_theta": 2.930859501530066,
      "rmse": 0.3521106834839808,
      "heading_error": 0.18212600304580875,
      "variance": 0.1202049549391299,
      "ess": 577.0643632205033,
      "max_weight_particle_idx": 0,
      "max_weight_particle_x": -4.5670048699704635,
      "max_weight_particle_y": 11.305622513276594
    },
    {
      "timestep": 14,
      "true_x": -5.302165593540818,
      "true_y": 12.514810067208133,
      "true_theta": 2.8587179568912457,
      "est_x": -5.280400836101762,
      "est_y": 12.007979692286241,
      "est_theta": 3.0802064086651173,
      "rmse": 0.5072974803898066,
      "heading_error": 0.22148845177387155,
      "variance": 0.14524949549554883,
      "ess": 165.4999687042676,
      "max_weight_particle_idx": 0,
      "max_weight_particle_x": -5.534784969675457,
      "max_weight_particle_y": 11.103486723358348
    },
    {
      "timestep": 15,
      "true_x": -6.414843448057488,
      "true_y": 12.586217800977327,
      "true_theta": 3.077504075499224,
      "est_x": -6.222071764370155,
      "est_y": 12.3812916862701,
      "est_theta": 3.100329459978957,
      "rmse": 0.28134611161458906,
      "heading_error": 0.022825384479733035,
      "variance": 0.15949390122677043,
      "ess": 406.7832990023549,
      "max_weight_particle_idx": 0,
      "max_weight_particle_x": -6.207054862949847,
      "max_weight_particle_y": 12.778004854498171
    },
    {
      "timestep": 16,
      "true_x": -7.437463144748884,
      "true_y": 12.427161337360213,
      "true_theta": -2.9872907881749646,
      "est_x": -7.274701480413754,
      "est_y": 12.434267176099372,
      "est_theta": -3.0619733961355946,
      "rmse": 0.1629167036289661,
      "heading_error": -0.07468260796062998,
      "variance": 0.18079270351717772,
      "ess": 691.9356283910994,
      "max_weight_particle_idx": 0,
      "max_weight_particle_x": -7.171542194923427,
      "max_weight_particle_y": 12.837629818264043
    },
    {
      "timestep": 17,
      "true_x": -8.248077385081121,
      "true_y": 11.93995858412593,
      "true_theta": -2.6004168003147345,
      "est_x": -8.01882216860722,
      "est_y": 11.378006423236958,
      "est_theta": -2.636310461230586,
      "rmse": 0.6069169509976478,
      "heading_error": -0.035893660915851555,
      "variance": 0.17975221384593426,
      "ess": 117.1921278126326,
      "max_weight_particle_idx": 0,
      "max_weight_particle_x": -8.238320016317925,
      "max_weight_particle_y": 12.156235421452916
    },
    {
      "timestep": 18,
      "true_x": -8.936856678171878,
      "true_y": 11.15461899796211,
      "true_theta": -2.2907842007842336,
      "est_x": -9.056814557259,
      "est_y": 10.853289034101024,
      "est_theta": -2.556117325906569,
      "rmse": 0.32432952359537687,
      "heading_error": -0.2653331251223352,
      "variance": 0.18105466850793836,
      "ess": 275.1470782073444,
      "max_weight_particle_idx": 0,
      "max_weight_particle_x": -9.238117025711617,
      "max_weight_particle_y": 11.715452802299644
    },
    {
      "timestep": 19,
      "true_x": -9.435864906912458,
      "true_y": 10.391977859521244,
      "true_theta": -2.150199596448822,
      "est_x": -9.538725390036076,
      "est_y": 9.973144707987885,
      "est_theta": -2.2791839307665853,
      "rmse": 0.4312788979439986,
      "heading_error": -0.12898433431776324,
      "variance": 0.17727773754384102,
      "ess": 418.62487283327323,
      "max_weight_particle_idx": 0,
      "max_weight_particle_x": -9.25691376807676,
      "max_weight_particle_y": 9.86227696188374
    },
    {
      "timestep": 20,
      "true_x": -9.839555638946802,
      "true_y": 9.539590358361178,
      "true_theta": -2.013101780255765,
      "est_x": -10.060485350857823,
      "est_y": 9.226591878939923,
      "est_theta": -2.1225474549935357,
      "rmse": 0.3831161517413543,
      "heading_error": -0.10944567473777056,
      "variance": 0.17793071519342807,
      "ess": 741.9778051374976,
      "max_weight_particle_idx": 0,
      "max_weight_particle_x": -9.814639398023258,
      "max_weight_particle_y": 8.969100410605712
    },
    {
      "timestep": 21,
      "true_x": -10.017997459865825,
      "true_y": 8.699490151553357,
      "true_theta": -1.780091205740226,
      "est_x": -10.411222723972866,
      "est_y": 8.572529316416997,
      "est_theta": -1.9539004129896353,
      "rmse": 0.41321321613735257,
      "heading_error": -0.1738092072494093,
      "variance": 0.18441168299711158,
      "ess": 467.8261735816251,
      "max_weight_particle_idx": 0,
      "max_weight_particle_x": -10.302188293001239,
      "max_weight_particle_y": 8.141472070663916
    },
    {
      "timestep": 22,
      "true_x": -10.134819656043664,
      "true_y": 7.731611314499964,
      "true_theta": -1.6909144648988843,
      "est_x": -10.368659188379873,
      "est_y": 7.769199878056817,
      "est_theta": -1.675701033585747,
      "rmse": 0.23684135406107676,
      "heading_error": 0.015213431313137347,
      "variance": 0.15108190818943304,
      "ess": 206.8109148797696,
      "max_weight_particle_idx": 0,
      "max_weight_particle_x": -10.185405140694952,
      "max_weight_particle_y": 7.388289223994719
    },
    {
      "timestep": 23,
      "true_x": -10.134260519702158,
      "true_y": 6.7834170377312155,
      "true_theta": -1.5702066414420153,
      "est_x": -10.213241596999998,
      "est_y": 6.835886968858629,
      "est_theta": -1.455070983476079,
      "rmse": 0.09482143346123226,
      "heading_error": 0.11513565796593617,
      "variance": 0.14879347277630645,
      "ess": 705.6413660052765,
      "max_weight_particle_idx": 0,
      "max_weight_particle_x": -10.084275049178345,
      "max_weight_particle_y": 6.3474951419923995
    },
    {
      "timestep": 24,
      "true_x": -10.036233975449553,
      "true_y": 5.719989521738919,
      "true_theta": -1.478876283257848,
      "est_x": -9.975879429179319,
      "est_y": 5.962200568852902,
      "est_theta": -1.2894060776615948,
      "rmse": 0.24961743248326634,
      "heading_error": 0.18947020559625316,
      "variance": 0.1327968593575689,
      "ess": 751.7561825393061,
      "max_weight_particle_idx": 0,
      "max_weight_particle_x": -9.95544252117916,
      "max_weight_particle_y": 5.523767533198234
    },
    {
      "timestep": 25,
      "true_x": -9.830157685164838,
      "true_y": 4.828759827501157,
      "true_theta": -1.3435629820773964,
      "est_x": -9.898355534868513,
      "est_y": 4.985538519511863,
      "est_theta": -1.269313551689095,
      "rmse": 0.17096931003192548,
      "heading_error": 0.07424943038830145,
      "variance": 0.1310871065575524,
      "ess": 237.5022094288736,
      "max_weight_particle_idx": 0,
      "max_weight_particle_x": -9.8611180700787,
      "max_weight_particle_y": 4.140037725689555
    },
    {
      "timestep": 26,
      "true_x": -9.431590050167335,
      "true_y": 4.16900474996636,
      "true_theta": -1.02735692071138,
      "est_x": -9.393188897179268,
      "est_y": 4.290713458089343,
      "est_theta": -1.0496035761842897,
      "rmse": 0.12762310991265746,
      "heading_error": -0.022246655472909715,
      "variance": 0.12438960612776975,
      "ess": 549.3007700833004,
      "max_weight_particle_idx": 0,
      "max_weight_particle_x": -9.27901789910821,
      "max_weight_particle_y": 4.504263275366794
    },
    {
      "timestep": 27,
      "true_x": -8.768142103928126,
      "true_y": 3.5365583667149036,
      "true_theta": -0.7614798158982804,
      "est_x": -8.755990456963874,
      "est_y": 3.306046019679469,
      "est_theta": -0.9162028231663484,
      "rmse": 0.23083241683032407,
      "heading_error": -0.15472300726806798,
      "variance": 0.13171435265766382,
      "ess": 526.3294093444679,
      "max_weight_particle_idx": 0,
      "max_weight_particle_x": -8.665177875970484,
      "max_weight_particle_y": 3.679396310526411
    },
    {
      "timestep": 28,
      "true_x": -7.794304452078374,
      "true_y": 3.04555694556938,
      "true_theta": -0.4669958018327697,
      "est_x": -7.809121638032128,
      "est_y": 2.842436401633718,
      "est_theta": -0.6234924318177072,
      "rmse": 0.20366026703387022,
      "heading_error": -0.15649662998493752,
      "variance": 0.13932099692437833,
      "ess": 374.17983498096135,
      "max_weight_particle_idx": 0,
      "max_weight_particle_x": -8.052802134362153,
      "max_weight_particle_y": 3.0962454834909225
    },
    {
      "timestep": 29,
      "true_x": -6.908994634394839,
      "true_y": 2.727970596560305,
      "true_theta": -0.3444299915046063,
      "est_x": -6.902404480754145,
      "est_y": 2.825106612925037,
      "est_theta": -0.34864208275862024,
      "rmse": 0.09735931285818206,
      "heading_error": -0.00421209125401395,
      "variance": 0.12430823199019408,
      "ess": 318.6629430454799,
      "max_weight_particle_idx": 0,
      "max_weight_particle_x": -7.088536479867803,
      "max_weight_particle_y": 3.027212277841966
    }
  ],
  "final_rmse": 0.09735931285818206,
  "mean_rmse": 0.32749702594070806,
  "mean_ess": 393.377394774341,
  "weight_failures": 0,
  "diverged": false
}