{
  "config": {
    "num_timesteps": 30,
    "initial_pose": [
      0.0,
      0.0,
      0.7853981633974483
    ],
    "landmarks": [
      [
        5,
        5
      ],
      [
        10,
        10
      ],
      [
        5,
        15
      ],
      [
        15,
        5
      ],
      [
        15,
        15
      ],
      [
        10,
        20
      ]
    ],
    "seed": 0,
    "init_range": 5.0,
    "resample_method": "systematic",
    "rejuvenation_sigma": 0.0,
    "create_animation": false,
    "divergence_threshold": 10.0,
    "name": "exp_07_N300_meas0.20",
    "num_particles": 300,
    "robot_motion_noise_trans": 0.02,
    "robot_motion_noise_theta": 0.017453292519943295,
    "particle_motion_noise_trans": 0.02,
    "particle_motion_noise_theta": 0.017453292519943295,
    "meas_noise": 0.2
  },
  "stats": [
    {
      "timestep": 0,
      "true_x": 0.5441751880268939,
      "true_y": 0.8255521564556464,
      "true_theta": 0.988005096309464,
      "est_x": 0.6701161230395642,
      "est_y": 0.8740893691405655,
      "est_theta": 1.4616386126580885,
      "rmse": 0.13497029349855738,
      "heading_error": 0.4736335163486245,
      "variance": 0.17685338610663676,
      "ess": 1.542235204223736,
      "max_weight_particle_idx": 0,
      "max_weight_particle_x": 0.12265800025344464,
      "max_weight_particle_y": 1.0581762739133056
    },
    {
      "timestep": 1,
      "true_x": 0.944254930136957,
      "true_y": 1.7385732753319822,
      "true_theta": 1.1578041113488,
      "est_x": 0.6166910058690943,
      "est_y": 1.9920047211865706,
      "est_theta": 1.4533874313892832,
      "rmse": 0.4141565189994107,
      "heading_error": 0.29558332004048316,
      "variance": 0.0006220142230907307,
      "ess": 233.0804138258882,
      "max_weight_particle_idx": 0,
      "max_weight_particle_x": 0.6245996938517119,
      "max_weight_particle_y": 1.9792758659425727
    },
    {
      "timestep": 2,
      "true_x": 1.144907310803339,
      "true_y": 2.7023952089580296,
      "true_theta": 1.365543988518149,
      "est_x": 0.6225216258890403,
      "est_y": 3.0037256980515523,
      "est_theta": 1.5875435687506187,
      "rmse": 0.6030645632606202,
      "heading_error": 0.22199958023246966,
      "variance": 0.0013570398491995848,
      "ess": 30.71963444235267,
      "max_weight_particle_idx": 0,
      "max_weight_particle_x": 0.5984086854804075,
      "max_weight_particle_y": 2.976390605073683
    },
    {
      "timestep": 3,
      "true_x": 1.1793168836795145,
      "true_y": 3.676673168834217,
      "true_theta": 1.5354929760916558,
      "est_x": 0.48533734236053794,
      "est_y": 4.011142897021351,
      "est_theta": 1.7320680879443906,
      "rmse": 0.770374975478093,
      "heading_error": 0.1965751118527348,
      "variance": 0.0010003550297905783,
      "ess": 67.73894323629047,
      "max_weight_particle_idx": 0,
      "max_weight_particle_x": 0.4163633266335395,
      "max_weight_particle_y": 4.006032354348044
    },
    {
      "timestep": 4,
      "true_x": 1.0246132953430405,
      "true_y": 4.640610158802528,
      "true_theta": 1.7299306775875731,
      "est_x": 0.20663993479780782,
      "est_y": 4.956609164115413,
      "est_theta": 1.873761808845156,
      "rmse": 0.8768898391020356,
      "heading_error": 0.14383113125758284,
      "variance": 0.0012533248511855625,
      "ess": 35.827010715187264,
      "max_weight_particle_idx": 0,
      "max_weight_particle_x": 0.21212510026165154,
      "max_weight_particle_y": 4.948826611583789
    },
    {
      "timestep": 5,
      "true_x": 0.6886910182978543,
      "true_y": 5.6079017374654505,
      "true_theta": 1.9050470917145188,
      "est_x": -0.19675786898945608,
      "est_y": 5.845576100414326,
      "est_theta": 2.0111574637906506,
      "rmse": 0.9167926891077883,
      "heading_error": 0.10611037207613183,
      "variance": 0.0008984217692602273,
      "ess": 18.37864481693067,
      "max_weight_particle_idx": 0,
      "max_weight_particle_x": -0.22319001266800675,
      "max_weight_particle_y": 5.8318383382199475
    },
    {
      "timestep": 6,
      "true_x": 0.1930228734746559,
      "true_y": 6.488439045327063,
      "true_theta": 2.083501402698088,
      "est_x": -0.7144513022394177,
      "est_y": 6.68799361671965,
      "est_theta": 2.143492060227433,
      "rmse": 0.9291562874735426,
      "heading_error": 0.05999065752934518,
      "variance": 0.0009598411036036312,
      "ess": 21.372770115580778,
      "max_weight_particle_idx": 0,
      "max_weight_particle_x": -0.7935270380870094,
      "max_weight_particle_y": 6.673289747562181
    },
    {
      "timestep": 7,
      "true_x": -0.45257494889719113,
      "true_y": 7.305794733105922,
      "true_theta": 2.239324635681244,
      "est_x": -1.3181747189232893,
      "est_y": 7.4602894137189955,
      "est_theta": 2.259436546674124,
      "rmse": 0.8792790047572895,
      "heading_error": 0.020111910992880233,
      "variance": 0.0011966505345019046,
      "ess": 6.587628482494522,
      "max_weight_particle_idx": 0,
      "max_weight_particle_x": -1.3700893585084146,
      "max_weight_particle_y": 7.431951968590254
    },
    {
      "timestep": 8,
      "true_x": -1.1556234514145902,
      "true_y": 7.963109362237347,
      "true_theta": 2.389800704656545,
      "est_x": -2.0158021370054393,
      "est_y": 8.164363822658368,
      "est_theta": 2.3842738576396223,
      "rmse": 0.8834085855277597,
      "heading_error": -0.00552684701692252,
      "variance": 0.000645051697065328,
      "ess": 20.62802229719912,
      "max_weight_particle_idx": 0,
      "max_weight_particle_x": -2.0685146129906946,
      "max_weight_particle_y": 8.112808377277693
    },
    {
      "timestep": 9,
      "true_x": -1.9577585508086068,
      "true_y": 8.479341689053928,
      "true_theta": 2.569748957508819,
      "est_x": -2.7924342743529467,
      "est_y": 8.716530454318226,
      "est_theta": 2.537470262130982,
      "rmse": 0.867722348359122,
      "heading_error": -0.0322786953778369,
      "variance": 0.0023602689446662753,
      "ess": 9.303800870024048,
      "max_weight_particle_idx": 0,
      "max_weight_particle_x": -2.810442719251233,
      "max_weight_particle_y": 8.623938368557459
    },
    {
      "timestep": 10,
      "true_x": -2.871002676255268,
      "true_y": 8.84320754853198,
      "true_theta": 2.762438564649119,
      "est_x": -3.6596741676797575,
      "est_y": 9.18579736234829,
      "est_theta": 2.6833057384816863,
      "rmse": 0.8598665605292612,
      "heading_error": -0.07913282616743267,
      "variance": 0.004381880453427446,
      "ess": 37.90905128927474,
      "max_weight_particle_idx": 0,
      "max_weight_particle_x": -3.682376563304541,
      "max_weight_particle_y": 9.17095867078014
    },
    {
      "timestep": 11,
      "true_x": -3.872780192239058,
      "true_y": 9.077438022985676,
      "true_theta": 2.9119041005966655,
      "est_x": -4.5624730859959435,
      "est_y": 9.52739956655908,
      "est_theta": 2.8222176321819386,
      "rmse": 0.8234935812704954,
      "heading_error": -0.08968646841472694,
      "variance": 0.0015315081325466755,
      "ess": 11.693220135547111,
      "max_weight_particle_idx": 0,
      "max_weight_particle_x": -4.588531296499269,
      "max_weight_particle_y": 9.419998649739854
    },
    {
      "timestep": 12,
      "true_x": -4.87385369980176,
      "true_y": 9.146945525643162,
      "true_theta": 3.0722709434213074,
      "est_x": -5.497928332541713,
      "est_y": 9.690548042759989,
      "est_theta": 2.9826434722366333,
      "rmse": 0.8276308620666933,
      "heading_error": -0.08962747118467407,
      "variance": 0.0012091782289129723,
      "ess": 19.331541287268376,
      "max_weight_particle_idx": 0,
      "max_weight_particle_x": -5.536960336186924,
      "max_weight_particle_y": 9.554422382313646
    },
    {
      "timestep": 13,
      "true_x": -5.843733586985089,
      "true_y": 9.06088418924114,
      "true_theta": -3.053090433663608,
      "est_x": -6.445357556426515,
      "est_y": 9.680414549706942,
      "est_theta": -3.1298454721462745,
      "rmse": 0.8635793351773446,
      "heading_error": -0.0767550384826663,
      "variance": 0.0014950256440074206,
      "ess": 19.100332217629095,
      "max_weight_particle_idx": 0,
      "max_weight_particle_x": -6.476589600256372,
      "max_weight_particle_y": 9.57217589189503
    },
    {
      "timestep": 14,
      "true_x": -6.779457791536944,
      "true_y": 8.805236866226027,
      "true_theta": -2.8748932282868647,
      "est_x": -7.398984443468884,
      "est_y": 9.500438936004873,
      "est_theta": -2.9536381311255977,
      "rmse": 0.9311923487007346,
      "heading_error": -0.07874490283873303,
      "variance": 0.0038539228693558526,
      "ess": 93.6680111397309,
      "max_weight_particle_idx": 0,
      "max_weight_particle_x": -7.419337294609356,
      "max_weight_particle_y": 9.393920496345837
    },
    {
      "timestep": 15,
      "true_x": -7.673988989772239,
      "true_y": 8.368082283034509,
      "true_theta": -2.6870283800773906,
      "est_x": -8.29583896311862,
      "est_y": 9.124150245789348,
      "est_theta": -2.76032168997205,
      "rmse": 0.9789464508619188,
      "heading_error": -0.07329330989465932,
      "variance": 0.0064221915371660806,
      "ess": 46.95039637833356,
      "max_weight_particle_idx": 0,
      "max_weight_particle_x": -8.319937767693206,
      "max_weight_particle_y": 8.978158944900608
    },
    {
      "timestep": 16,
      "true_x": -8.447940008719186,
      "true_y": 7.7765077255112605,
      "true_theta": -2.4889664680213093,
      "est_x": -9.096745140083637,
      "est_y": 8.5395122630557,
      "est_theta": -2.553915733681335,
      "rmse": 1.0015607933611654,
      "heading_error": -0.06494926566002591,
      "variance": 0.006006857384162026,
      "ess": 38.900963454785575,
      "max_weight_particle_idx": 0,
      "max_weight_particle_x": -9.15179833075692,
      "max_weight_particle_y": 8.740170521722
    },
    {
      "timestep": 17,
      "true_x": -9.136945437799321,
      "true_y": 7.049980542271724,
      "true_theta": -2.3296935324825174,
      "est_x": -9.755783571050015,
      "est_y": 7.74670337047825,
      "est_theta": -2.327287467784814,
      "rmse": 0.9318708786679109,
      "heading_error": 0.002406064697703325,
      "variance": 0.006832303407455213,
      "ess": 20.458874045385368,
      "max_weight_particle_idx": 0,
      "max_weight_particle_x": -9.800615968942903,
      "max_weight_particle_y": 7.972609640024384
    },
    {
      "timestep": 18,
      "true_x": -9.696838542478373,
      "true_y": 6.243123188352621,
      "true_theta": -2.1774289585349136,
      "est_x": -10.211949485821883,
      "est_y": 6.832845254655248,
      "est_theta": -2.086509951769571,
      "rmse": 0.7830143034686404,
      "heading_error": 0.09091900676534248,
      "variance": 0.0017967878728970825,
      "ess": 23.214032132239097,
      "max_weight_particle_idx": 0,
      "max_weight_particle_x": -10.239124568641085,
      "max_weight_particle_y": 6.674224992217397
    },
    {
      "timestep": 19,
      "true_x": -10.107961492871416,
      "true_y": 5.324586475465227,
      "true_theta": -1.9916398470386403,
      "est_x": -10.503127500681515,
      "est_y": 5.89654760993054,
      "est_theta": -1.889900785933376,
      "rmse": 0.695194730321957,
      "heading_error": 0.1017390611052642,
      "variance": 0.0013400537148927363,
      "ess": 103.79204624989472,
      "max_weight_particle_idx": 0,
      "max_weight_particle_x": -10.54372594245994,
      "max_weight_particle_y": 5.846903558567224
    },
    {
      "timestep": 20,
      "true_x": -10.348120776492568,
      "true_y": 4.328308418143058,
      "true_theta": -1.807340010665602,
      "est_x": -10.595164265314903,
      "est_y": 4.910933118543358,
      "est_theta": -1.6886690226332548,
      "rmse": 0.6328364930106758,
      "heading_error": 0.1186709880323471,
      "variance": 0.0015687934216907545,
      "ess": 105.61318787320789,
      "max_weight_particle_idx": 0,
      "max_weight_particle_x": -10.622524675301802,
      "max_weight_particle_y": 4.849609462428855
    },
    {
      "timestep": 21,
      "true_x": -10.407249095842747,
      "true_y": 3.322865769384639,
      "true_theta": -1.62953691950334,
      "est_x": -10.579018649144889,
      "est_y": 3.8960553472834056,
      "est_theta": -1.530647577998403,
      "rmse": 0.5983736889715185,
      "heading_error": 0.098889341504937,
      "variance": 0.003388326761136504,
      "ess": 143.04848078034075,
      "max_weight_particle_idx": 0,
      "max_weight_particle_x": -10.54870062170631,
      "max_weight_particle_y": 3.8834940348844302
    },
    {
      "timestep": 22,
      "true_x": -10.269529047502115,
      "true_y": 2.3377032165855436,
      "true_theta": -1.431902197636595,
      "est_x": -10.42567566097535,
      "est_y": 2.9116479664806447,
      "est_theta": -1.3759146662917259,
      "rmse": 0.5948061371836288,
      "heading_error": 0.055987531344869224,
      "variance": 0.0040710674233439765,
      "ess": 142.15116886574373,
      "max_weight_particle_idx": 0,
      "max_weight_particle_x": -10.294988479457558,
      "max_weight_particle_y": 2.9205351669362623
    },
    {
      "timestep": 23,
      "true_x": -9.960090999490308,
      "true_y": 1.437966492895146,
      "true_theta": -1.23954763273832,
      "est_x": -10.10018913311767,
      "est_y": 1.958042562208602,
      "est_theta": -1.2153539214927178,
      "rmse": 0.5386154518006373,
      "heading_error": 0.0241937112456021,
      "variance": 0.004398444444482568,
      "ess": 175.22696874885384,
      "max_weight_particle_idx": 0,
      "max_weight_particle_x": -10.093213969124584,
      "max_weight_particle_y": 2.039387932602329
    },
    {
      "timestep": 24,
      "true_x": -9.464292168536444,
      "true_y": 0.5603222757926984,
      "true_theta": -1.0565703775905444,
      "est_x": -9.627859859792107,
      "est_y": 1.072598393923377,
      "est_theta": -1.0560181958810015,
      "rmse": 0.537755716687182,
      "heading_error": 0.0005521817095428538,
      "variance": 0.004927871150675405,
      "ess": 209.89041086303783,
      "max_weight_particle_idx": 0,
      "max_weight_particle_x": -9.579684572834235,
      "max_weight_particle_y": 1.1898794145760805
    },
    {
      "timestep": 25,
      "true_x": -8.819887771326924,
      "true_y": -0.23372447206071567,
      "true_theta": -0.8890554935048163,
      "est_x": -9.012735137482682,
      "est_y": 0.28723611255128045,
      "est_theta": -0.890745130985084,
      "rmse": 0.5555088094283348,
      "heading_error": -0.001689637480267736,
      "variance": 0.005368706509012574,
      "ess": 250.04476615579722,
      "max_weight_particle_idx": 0,
      "max_weight_particle_x": -9.052752160606627,
      "max_weight_particle_y": 0.3486743395066224
    },
    {
      "timestep": 26,
      "true_x": -8.045372687478105,
      "true_y": -0.8802759771917777,
      "true_theta": -0.6955928117002665,
      "est_x": -8.289182093220962,
      "est_y": -0.3997891812349351,
      "est_theta": -0.7301968854331741,
      "rmse": 0.5388047767211771,
      "heading_error": -0.034604073732907525,
      "variance": 0.0058470093197566,
      "ess": 197.56304530054723,
      "max_weight_particle_idx": 0,
      "max_weight_particle_x": -8.310597480928877,
      "max_weight_particle_y": -0.3198638895544994
    },
    {
      "timestep": 27,
      "true_x": -7.142207146128769,
      "true_y": -1.386794684006135,
      "true_theta": -0.5111168974918339,
      "est_x": -7.434881675078764,
      "est_y": -0.9294403065658419,
      "est_theta": -0.5558044656231711,
      "rmse": 0.5429837994451583,
      "heading_error": -0.04468756813133723,
      "variance": 0.0057361302510071585,
      "ess": 258.4180934291377,
      "max_weight_particle_idx": 0,
      "max_weight_particle_x": -7.479685206345278,
      "max_weight_particle_y": -0.8407181578412305
    },
    {
      "timestep": 28,
      "true_x": -6.178372920846323,
      "true_y": -1.7187439267472064,
      "true_theta": -0.3316816628102369,
      "est_x": -6.5147937777674025,
      "est_y": -1.3125472924741217,
      "est_theta": -0.38559009538649497,
      "rmse": 0.527422694493037,
      "heading_error": -0.05390843257625804,
      "variance": 0.006208462149690517,
      "ess": 261.2121331028097,
      "max_weight_particle_idx": 0,
      "max_weight_particle_x": -6.535378396989049,
      "max_weight_particle_y": -1.2108305471950715
    },
    {
      "timestep": 29,
      "true_x": -5.18510305230332,
      "true_y": -1.8625116325908342,
      "true_theta": -0.1437435659777533,
      "est_x": -5.534610130539475,
      "est_y": -1.506961102305254,
      "est_theta": -0.20690057566802425,
      "rmse": 0.4985693305083369,
      "heading_error": -0.06315700969027094,
      "variance": 0.0071591174959270264,
      "ess": 263.05274230865854,
      "max_weight_particle_idx": 0,
      "max_weight_particle_x": -5.522356712056217,
      "max_weight_particle_y": -1.3996065273183305
    }
  ],
  "final_rmse": 0.4985693305083369,
  "mean_rmse": 0.7179280616080009,
  "mean_ess": 95.54728565881315,
  "weight_failures": 0,
  "diverged": false
}