{
  "config": {
    "num_timesteps": 30,
    "initial_pose": [
      0.0,
      0.0,
      0.7853981633974483
    ],
    "landmarks": [
      [
        5,
        5
      ],
      [
        10,
        10
      ],
      [
        5,
        15
      ],
      [
        15,
        5
      ],
      [
        15,
        15
      ],
      [
        10,
        20
      ]
    ],
    "seed": 0,
    "init_range": 5.0,
    "resample_method": "systematic",
    "rejuvenation_sigma": 0.0,
    "create_animation": false,
    "divergence_threshold": 10.0,
    "name": "exp_01_N100_low_noise",
    "num_particles": 100,
    "robot_motion_noise_trans": 0.02,
    "robot_motion_noise_theta": 0.017453292519943295,
    "particle_motion_noise_trans": 0.02,
    "particle_motion_noise_theta": 0.017453292519943295,
    "meas_noise": 0.05
  },
  "stats": [
    {
      "timestep": 0,
      "true_x": 0.5293314177057451,
      "true_y": 0.7830858803057373,
      "true_theta": 0.976390347818709,
      "est_x": 0.43643253960728284,
      "est_y": 1.1918945961764167,
      "est_theta": 3.0094574156324425,
      "rmse": 0.4192311626343953,
      "heading_error": 2.0330670678137333,
      "variance": 4.190823558986631e-30,
      "ess": 1.0,
      "max_weight_particle_idx": 0,
      "max_weight_particle_x": 0.4364325396072827,
      "max_weight_particle_y": 1.191894596176417
    },
    {
      "timestep": 1,
      "true_x": 0.9228851392902484,
      "true_y": 1.7014575186486063,
      "true_theta": 1.1659359317166254,
      "est_x": -0.5176206984356162,
      "est_y": 1.170620436404095,
      "est_theta": -3.1192976349189245,
      "rmse": 1.5352019659993148,
      "heading_error": 1.9979517405440366,
      "variance": 5.053640174072109e-31,
      "ess": 1.0000403994220566,
      "max_weight_particle_idx": 0,
      "max_weight_particle_x": -0.5176206984356162,
      "max_weight_particle_y": 1.1706204364040949
    },
    {
      "timestep": 2,
      "true_x": 1.164058762879331,
      "true_y": 2.6726156230554157,
      "true_theta": 1.3273842920305816,
      "est_x": -1.4725999290112755,
      "est_y": 1.020104320732204,
      "est_theta": -2.985266720434973,
      "rmse": 3.111713782118825,
      "heading_error": 1.9705342947140319,
      "variance": 5.1275958839365774e-30,
      "ess": 1.0,
      "max_weight_particle_idx": 0,
      "max_weight_particle_x": -1.472599929011275,
      "max_weight_particle_y": 1.020104320732204
    },
    {
      "timestep": 3,
      "true_x": 1.245208397254638,
      "true_y": 3.6635812364932887,
      "true_theta": 1.489089185471525,
      "est_x": -2.36227751207303,
      "est_y": 0.7142999157526712,
      "est_theta": -2.810518957511034,
      "rmse": 4.6596367771390925,
      "heading_error": 1.9835771641970272,
      "variance": 6.409494854920717e-31,
      "ess": 1.0,
      "max_weight_particle_idx": 0,
      "max_weight_particle_x": -2.36227751207303,
      "max_weight_particle_y": 0.7142999157526712
    },
    {
      "timestep": 4,
      "true_x": 1.174655355500476,
      "true_y": 4.699628239048273,
      "true_theta": 1.6387896549348162,
      "est_x": -3.1881203155885767,
      "est_y": 0.2560698560735157,
      "est_theta": -2.6350231105179,
      "rmse": 6.227280518745865,
      "heading_error": 2.009372541726871,
      "variance": 9.740583286732888e-30,
      "ess": 1.0,
      "max_weight_particle_idx": 0,
      "max_weight_particle_x": -3.188120315588576,
      "max_weight_particle_y": 0.25606985607351573
    },
    {
      "timestep": 5,
      "true_x": 0.9549862145809608,
      "true_y": 5.681563108858668,
      "true_theta": 1.7908830662765471,
      "est_x": -3.961116012030491,
      "est_y": -0.31403374623555114,
      "est_theta": -2.5061235090795515,
      "rmse": 7.753402011459857,
      "heading_error": 1.986178731823488,
      "variance": 9.814538996597358e-30,
      "ess": 1.0011655497926701,
      "max_weight_particle_idx": 0,
      "max_weight_particle_x": -3.961116012030491,
      "max_weight_particle_y": -0.314033746235551
    },
    {
      "timestep": 6,
      "true_x": 0.5943815135012911,
      "true_y": 6.626895110263557,
      "true_theta": 1.935216977233491,
      "est_x": -4.610548132268888,
      "est_y": -1.0062559119932022,
      "est_theta": -2.324311801629283,
      "rmse": 9.238846635051189,
      "heading_error": 2.023656528316812,
      "variance": 1.782825645799487e-28,
      "ess": 1.0,
      "max_weight_particle_idx": 0,
      "max_weight_particle_x": -4.610548132268887,
      "max_weight_particle_y": -1.0062559119932024
    },
    {
      "timestep": 7,
      "true_x": 0.08303352387227203,
      "true_y": 7.493371803077963,
      "true_theta": 2.1039389320118977,
      "est_x": -5.118620301497223,
      "est_y": -1.7866242342788665,
      "est_theta": -2.1479213656511082,
      "rmse": 10.638398797391435,
      "heading_error": 2.0313250095165807,
      "variance": 3.870348816240591e-29,
      "ess": 1.0,
      "max_weight_particle_idx": 0,
      "max_weight_particle_x": -5.118620301497221,
      "max_weight_particle_y": -1.7866242342788667
    },
    {
      "timestep": 8,
      "true_x": -0.5695619656303575,
      "true_y": 8.206527499871337,
      "true_theta": 2.3118814680645303,
      "est_x": -5.4790692010032345,
      "est_y": -2.6522386086893057,
      "est_theta": -1.9653671706698561,
      "rmse": 11.917049244448219,
      "heading_error": 2.0059366684452002,
      "variance": 7.296963373294352e-30,
      "ess": 1.0,
      "max_weight_particle_idx": 0,
      "max_weight_particle_x": -5.479069201003235,
      "max_weight_particle_y": -2.6522386086893057
    },
    {
      "timestep": 9,
      "true_x": -1.377529890112748,
      "true_y": 8.808553024638401,
      "true_theta": 2.5012280642102382,
      "est_x": -5.694635369909919,
      "est_y": -3.5681923333779184,
      "est_theta": -1.8019362819539833,
      "rmse": 13.108059558183022,
      "heading_error": 1.980020961015365,
      "variance": 7.356127941185944e-29,
      "ess": 1.0,
      "max_weight_particle_idx": 0,
      "max_weight_particle_x": -5.694635369909919,
      "max_weight_particle_y": -3.5681923333779193
    },
    {
      "timestep": 10,
      "true_x": -2.2959335577777833,
      "true_y": 9.258560555093293,
      "true_theta": 2.685986014896656,
      "est_x": -5.724307826880756,
      "est_y": -4.541813075694358,
      "est_theta": -1.6012632982712272,
      "rmse": 14.219847484357434,
      "heading_error": 1.9959359940117027,
      "variance": 2.2798080160887246e-28,
      "ess": 1.0,
      "max_weight_particle_idx": 0,
      "max_weight_particle_x": -5.724307826880758,
      "max_weight_particle_y": -4.541813075694358
    },
    {
      "timestep": 11,
      "true_x": -3.2490870702280383,
      "true_y": 9.521142130374436,
      "true_theta": 2.8727735697757035,
      "est_x": -5.536621290369574,
      "est_y": -5.509354609395633,
      "est_theta": -1.3791930539611998,
      "rmse": 15.203573430366863,
      "heading_error": 2.0312186834426833,
      "variance": 3.1554436208840444e-29,
      "ess": 1.0,
      "max_weight_particle_idx": 0,
      "max_weight_particle_x": -5.536621290369574,
      "max_weight_particle_y": -5.509354609395634
    },
    {
      "timestep": 12,
      "true_x": -4.273755669102167,
      "true_y": 9.59980673880774,
      "true_theta": 3.0649721643102343,
      "est_x": -5.1555464685316155,
      "est_y": -6.409777381308159,
      "est_theta": -1.1704363023442175,
      "rmse": 16.033849778297963,
      "heading_error": 2.047776840525135,
      "variance": 7.651950780643825e-29,
      "ess": 1.0,
      "max_weight_particle_idx": 0,
      "max_weight_particle_x": -5.1555464685316155,
      "max_weight_particle_y": -6.409777381308161
    },
    {
      "timestep": 13,
      "true_x": -5.265673581838144,
      "true_y": 9.519087075458236,
      "true_theta": -3.0603942153291688,
      "est_x": -4.562465928754029,
      "est_y": -7.214984426877277,
      "est_theta": -0.9359546761760091,
      "rmse": 16.748840259810038,
      "heading_error": 2.1244395391531596,
      "variance": 4.81205152184817e-29,
      "ess": 1.0,
      "max_weight_particle_idx": 0,
      "max_weight_particle_x": -4.56246592875403,
      "max_weight_particle_y": -7.214984426877276
    },
    {
      "timestep": 14,
      "true_x": -6.242339876422635,
      "true_y": 9.267436497961222,
      "true_theta": -2.8894150426156915,
      "est_x": -3.814409088075093,
      "est_y": -7.861275993489955,
      "est_theta": -0.7125433658100196,
      "rmse": 17.299931778125647,
      "heading_error": 2.1768716768056717,
      "variance": 9.016835843145399e-07,
      "ess": 1.0107753510039663,
      "max_weight_particle_idx": 0,
      "max_weight_particle_x": -3.814489803990228,
      "max_weight_particle_y": -7.861225073395327
    },
    {
      "timestep": 15,
      "true_x": -7.155156372794688,
      "true_y": 8.8550140884166,
      "true_theta": -2.7172320131363534,
      "est_x": -2.9346419989366863,
      "est_y": -8.336755044172904,
      "est_theta": -0.4954958747684053,
      "rmse": 17.70225035096384,
      "heading_error": 2.221736138367948,
      "variance": 1.938926511424606e-09,
      "ess": 1.0038744004749849,
      "max_weight_particle_idx": 0,
      "max_weight_particle_x": -2.9349010402935973,
      "max_weight_particle_y": -8.33710838720742
    },
    {
      "timestep": 16,
      "true_x": -7.972764162035703,
      "true_y": 8.291065144405554,
      "true_theta": -2.537775768943575,
      "est_x": -1.9813016213178571,
      "est_y": -8.605204651363712,
      "est_theta": -0.2744852176723745,
      "rmse": 17.927117905236464,
      "heading_error": 2.2632905512712003,
      "variance": 2.859620781426171e-29,
      "ess": 1.0,
      "max_weight_particle_idx": 0,
      "max_weight_particle_x": -1.9813016213178565,
      "max_weight_particle_y": -8.60520465136371
    },
    {
      "timestep": 17,
      "true_x": -8.67404224911792,
      "true_y": 7.56184132242222,
      "true_theta": -2.3366613595720125,
      "est_x": -0.9631333064634332,
      "est_y": -8.656146716551635,
      "est_theta": -0.04999136225168412,
      "rmse": 17.957763021997145,
      "heading_error": 2.2866699973203284,
      "variance": 1.5777218104420243e-28,
      "ess": 1.0,
      "max_weight_particle_idx": 0,
      "max_weight_particle_x": -0.9631333064634329,
      "max_weight_particle_y": -8.656146716551632
    },
    {
      "timestep": 18,
      "true_x": -9.232347075171695,
      "true_y": 6.709957015208482,
      "true_theta": -2.150941773640004,
      "est_x": 0.05698108357204345,
      "est_y": -8.496122606006972,
      "est_theta": 0.15560072820094267,
      "rmse": 17.818991977313793,
      "heading_error": 2.306542501840947,
      "variance": 2.5559136662584567e-28,
      "ess": 1.0000000000094942,
      "max_weight_particle_idx": 0,
      "max_weight_particle_x": 0.056981083572043456,
      "max_weight_particle_y": -8.49612260600697
    },
    {
      "timestep": 19,
      "true_x": -9.595995583094538,
      "true_y": 5.784216732693578,
      "true_theta": -1.9450970264433023,
      "est_x": 1.0101695831980433,
      "est_y": -8.127511799938782,
      "est_theta": 0.3690002375263583,
      "rmse": 17.4936254190015,
      "heading_error": 2.3140972639696606,
      "variance": 1.7749370367472748e-30,
      "ess": 1.0000252442026327,
      "max_weight_particle_idx": 0,
      "max_weight_particle_x": 1.010169583198043,
      "max_weight_particle_y": -8.127511799938782
    },
    {
      "timestep": 20,
      "true_x": -9.809464821956432,
      "true_y": 4.816098370330258,
      "true_theta": -1.7878226517361677,
      "est_x": 1.8321217790857374,
      "est_y": -7.611229443013901,
      "est_theta": 0.560716963780433,
      "rmse": 17.02835914496408,
      "heading_error": 2.348539615516601,
      "variance": 0.00023146514474047187,
      "ess": 1.2218504548743874,
      "max_weight_particle_idx": 0,
      "max_weight_particle_x": 1.8401055451908093,
      "max_weight_particle_y": -7.566291198928892
    },
    {
      "timestep": 21,
      "true_x": -9.896060933955464,
      "true_y": 3.773274272284091,
      "true_theta": -1.6536462402245742,
      "est_x": 2.5455236473975704,
      "est_y": -6.983877196459029,
      "est_theta": 0.7246224574839132,
      "rmse": 16.44716798164486,
      "heading_error": 2.3782686977084873,
      "variance": 3.5281803986009825e-28,
      "ess": 1.0000000017479573,
      "max_weight_particle_idx": 0,
      "max_weight_particle_x": 2.5455236473975713,
      "max_weight_particle_y": -6.983877196459031
    },
    {
      "timestep": 22,
      "true_x": -9.795029201046454,
      "true_y": 2.7938242562569178,
      "true_theta": -1.4680083661874832,
      "est_x": 3.13385708527856,
      "est_y": -6.229590576941099,
      "est_theta": 0.9083783790332863,
      "rmse": 15.766360260272535,
      "heading_error": 2.3763867452207696,
      "variance": 5.83757069863549e-29,
      "ess": 1.0000000000185127,
      "max_weight_particle_idx": 0,
      "max_weight_particle_x": 3.13385708527856,
      "max_weight_particle_y": -6.2295905769410975
    },
    {
      "timestep": 23,
      "true_x": -9.555711653938161,
      "true_y": 1.8250067706008122,
      "true_theta": -1.3286240851953963,
      "est_x": 3.5852453895353817,
      "est_y": -5.391503541268079,
      "est_theta": 1.0767525942311547,
      "rmse": 14.99209035123945,
      "heading_error": 2.405376679426551,
      "variance": 4.81205152184817e-29,
      "ess": 1.0,
      "max_weight_particle_idx": 0,
      "max_weight_particle_x": 3.5852453895353817,
      "max_weight_particle_y": -5.3915035412680785
    },
    {
      "timestep": 24,
      "true_x": -9.141706545624151,
      "true_y": 0.9225486541839603,
      "true_theta": -1.140687528760281,
      "est_x": 3.868772168715961,
      "est_y": -4.471778291748494,
      "est_theta": 1.271745598911598,
      "rmse": 14.084435365889188,
      "heading_error": 2.412433127671879,
      "variance": 9.084558257033347e-05,
      "ess": 1.9446753855990218,
      "max_weight_particle_idx": 0,
      "max_weight_particle_x": 3.8758110825979806,
      "max_weight_particle_y": -4.475807984487104
    },
    {
      "timestep": 25,
      "true_x": -8.605526857492286,
      "true_y": 0.15370268274698384,
      "true_theta": -0.9618292677388542,
      "est_x": 3.92569135709403,
      "est_y": -3.4872133188635854,
      "est_theta": 1.5028321335812473,
      "rmse": 13.049432909991289,
      "heading_error": 2.4646614013201016,
      "variance": 4.299291933454512e-29,
      "ess": 1.0,
      "max_weight_particle_idx": 0,
      "max_weight_particle_x": 3.9256913570940304,
      "max_weight_particle_y": -3.4872133188635868
    },
    {
      "timestep": 26,
      "true_x": -7.920613181471773,
      "true_y": -0.5503918236038362,
      "true_theta": -0.7992062975202857,
      "est_x": 3.778672676542959,
      "est_y": -2.530462296077392,
      "est_theta": 1.7232682098746457,
      "rmse": 11.865663431241643,
      "heading_error": 2.5224745073949313,
      "variance": 4.102076707149259e-29,
      "ess": 1.0,
      "max_weight_particle_idx": 0,
      "max_weight_particle_x": 3.778672676542957,
      "max_weight_particle_y": -2.530462296077392
    },
    {
      "timestep": 27,
      "true_x": -7.11420844188622,
      "true_y": -1.1320705057481857,
      "true_theta": -0.6248941415404962,
      "est_x": 3.433637127289979,
      "est_y": -1.6261875753549642,
      "est_theta": 1.9353062598114381,
      "rmse": 10.559412759697707,
      "heading_error": 2.5602004013519344,
      "variance": 1.755215514116752e-29,
      "ess": 1.0000000000305276,
      "max_weight_particle_idx": 0,
      "max_weight_particle_x": 3.43363712728998,
      "max_weight_particle_y": -1.626187575354964
    },
    {
      "timestep": 28,
      "true_x": -6.202805886223145,
      "true_y": -1.5669199959607625,
      "true_theta": -0.445177630091095,
      "est_x": 2.896142008803848,
      "est_y": -0.8091143210739548,
      "est_theta": 2.152656108262046,
      "rmse": 9.130450275715146,
      "heading_error": 2.597833738353141,
      "variance": 8.011868568650905e-31,
      "ess": 1.0,
      "max_weight_particle_idx": 0,
      "max_weight_particle_x": 2.8961420088038494,
      "max_weight_particle_y": -0.809114321073955
    },
    {
      "timestep": 29,
      "true_x": -5.253546564312414,
      "true_y": -1.8145937761607351,
      "true_theta": -0.2552227445317304,
      "est_x": 2.197057097942042,
      "est_y": -0.12223901154464338,
      "est_theta": 2.3650037513219213,
      "rmse": 7.640390015000431,
      "heading_error": 2.6202264958536516,
      "variance": 1.989485632552016e-31,
      "ess": 1.0,
      "max_weight_particle_idx": 0,
      "max_weight_particle_x": 2.197057097942043,
      "max_weight_particle_y": -0.12223901154464334
    }
  ],
  "final_rmse": 7.640390015000431,
  "mean_rmse": 12.252612478476609,
  "mean_ess": 1.0394135595725404,
  "weight_failures": 0,
  "diverged": false
}